timestamp,system_name,job_name,job_type,status,duration_sec,error_code,host
2026-01-05 14:26:19,Billing,Billing_REPORT_JOB_12,REPORT,SUCCESS,170,,host03
2026-01-08 17:51:19,HRMS,HRMS_REPORT_JOB_15,REPORT,SUCCESS,2638,,host02
2026-01-07 21:36:19,Billing,Billing_REPORT_JOB_16,REPORT,SUCCESS,2455,,host01
2026-01-05 07:29:19,HRMS,HRMS_ETL_JOB_10,ETL,SUCCESS,2412,,host01
2026-01-05 15:51:19,CRM,CRM_ETL_JOB_18,ETL,FAILED,1178,E101,host02
2026-01-10 04:42:19,HRMS,HRMS_ETL_JOB_11,ETL,SUCCESS,147,,host02
2026-01-04 19:50:19,Billing,Billing_REPORT_JOB_9,REPORT,SUCCESS,1414,,host03
2026-01-10 18:46:19,HRMS,HRMS_BACKUP_JOB_9,BACKUP,SUCCESS,2669,,host02
2026-01-05 07:14:19,HRMS,HRMS_REPORT_JOB_13,REPORT,SUCCESS,2373,,host02
2026-01-09 01:06:19,HRMS,HRMS_ETL_JOB_4,ETL,SUCCESS,3355,,host02
2026-01-06 16:34:19,Billing,Billing_ETL_JOB_10,ETL,SUCCESS,2330,,host01
2026-01-10 15:09:19,CRM,CRM_BACKUP_JOB_11,BACKUP,SUCCESS,49,,host01
2026-01-10 04:16:19,ERP,ERP_REPORT_JOB_11,REPORT,SUCCESS,2147,,host01
2026-01-05 22:20:19,CRM,CRM_REPORT_JOB_18,REPORT,SUCCESS,1286,,host02
2026-01-05 12:57:19,HRMS,HRMS_REPORT_JOB_15,REPORT,SUCCESS,1592,,host03
2026-01-08 06:11:19,ERP,ERP_REPORT_JOB_2,REPORT,SUCCESS,2159,,host01
2026-01-04 23:20:19,HRMS,HRMS_ETL_JOB_2,ETL,SUCCESS,3185,,host01
2026-01-06 05:21:19,HRMS,HRMS_ETL_JOB_7,ETL,SUCCESS,127,,host01
2026-01-09 03:30:19,HRMS,HRMS_ETL_JOB_15,ETL,SUCCESS,1721,,host02
2026-01-07 10:40:19,Billing,Billing_BACKUP_JOB_4,BACKUP,SUCCESS,445,,host03
2026-01-05 18:08:19,HRMS,HRMS_ETL_JOB_7,ETL,SUCCESS,3271,,host02
2026-01-04 17:02:19,ERP,ERP_BACKUP_JOB_11,BACKUP,SUCCESS,295,,host02
2026-01-04 17:55:19,HRMS,HRMS_REPORT_JOB_20,REPORT,SUCCESS,600,,host02
2026-01-05 08:00:19,CRM,CRM_REPORT_JOB_10,REPORT,FAILED,2652,E101,host01
2026-01-04 16:31:19,HRMS,HRMS_REPORT_JOB_8,REPORT,SUCCESS,2128,,host02
2026-01-08 10:19:19,CRM,CRM_BACKUP_JOB_12,BACKUP,SUCCESS,540,,host03
2026-01-05 10:54:19,ERP,ERP_REPORT_JOB_9,REPORT,SUCCESS,545,,host03
2026-01-04 23:41:19,CRM,CRM_BACKUP_JOB_13,BACKUP,FAILED,679,E101,host02
2026-01-10 02:28:19,ERP,ERP_ETL_JOB_18,ETL,SUCCESS,2379,,host01
2026-01-10 16:49:19,Billing,Billing_REPORT_JOB_8,REPORT,SUCCESS,1548,,host03
2026-01-06 16:03:19,Billing,Billing_REPORT_JOB_15,REPORT,SUCCESS,3471,,host01
2026-01-05 17:53:19,CRM,CRM_BACKUP_JOB_12,BACKUP,RUNNING,2704,E330,host01
2026-01-09 00:58:19,Billing,Billing_REPORT_JOB_8,REPORT,SUCCESS,3584,,host02
2026-01-09 09:44:19,Billing,Billing_REPORT_JOB_13,REPORT,SUCCESS,498,,host03
2026-01-10 05:18:19,ERP,ERP_ETL_JOB_14,ETL,SUCCESS,1478,,host01
2026-01-05 22:26:19,ERP,ERP_REPORT_JOB_20,REPORT,SUCCESS,2683,,host02
2026-01-10 20:35:19,ERP,ERP_ETL_JOB_14,ETL,SUCCESS,2624,,host02
2026-01-05 06:52:19,HRMS,HRMS_BACKUP_JOB_15,BACKUP,SUCCESS,1115,,host01
2026-01-11 03:21:19,Billing,Billing_REPORT_JOB_17,REPORT,SUCCESS,156,,host02
2026-01-05 13:19:19,Billing,Billing_ETL_JOB_10,ETL,SUCCESS,3105,,host01
2026-01-05 00:04:19,CRM,CRM_BACKUP_JOB_16,BACKUP,SUCCESS,2294,,host02
2026-01-05 18:31:19,ERP,ERP_REPORT_JOB_1,REPORT,SUCCESS,2199,,host03
2026-01-04 12:16:19,HRMS,HRMS_BACKUP_JOB_11,BACKUP,SUCCESS,702,,host01
2026-01-04 10:26:19,CRM,CRM_ETL_JOB_18,ETL,RUNNING,696,E101,host01
2026-01-07 13:27:19,HRMS,HRMS_BACKUP_JOB_7,BACKUP,RUNNING,2180,E101,host03
2026-01-10 22:35:19,HRMS,HRMS_REPORT_JOB_16,REPORT,SUCCESS,3329,,host01
2026-01-09 04:16:19,CRM,CRM_BACKUP_JOB_12,BACKUP,SUCCESS,1209,,host01
2026-01-05 04:37:19,HRMS,HRMS_REPORT_JOB_2,REPORT,SUCCESS,1265,,host01
2026-01-10 09:01:19,ERP,ERP_REPORT_JOB_18,REPORT,SUCCESS,316,,host02
2026-01-09 05:49:19,CRM,CRM_ETL_JOB_8,ETL,SUCCESS,41,,host01
2026-01-05 05:06:19,CRM,CRM_REPORT_JOB_12,REPORT,SUCCESS,742,,host03
2026-01-09 03:28:19,Billing,Billing_BACKUP_JOB_4,BACKUP,SUCCESS,1712,,host02
2026-01-08 07:27:19,Billing,Billing_REPORT_JOB_2,REPORT,SUCCESS,1746,,host03
2026-01-05 11:57:19,ERP,ERP_BACKUP_JOB_18,BACKUP,SUCCESS,2678,,host02
2026-01-06 12:24:19,HRMS,HRMS_BACKUP_JOB_14,BACKUP,SUCCESS,2949,,host03
2026-01-07 05:38:19,HRMS,HRMS_BACKUP_JOB_1,BACKUP,SUCCESS,2866,,host01
2026-01-06 08:13:19,Billing,Billing_ETL_JOB_20,ETL,SUCCESS,929,,host02
2026-01-07 05:17:19,HRMS,HRMS_REPORT_JOB_15,REPORT,SUCCESS,3037,,host03
2026-01-11 01:59:19,ERP,ERP_BACKUP_JOB_3,BACKUP,FAILED,1656,E205,host03
2026-01-08 16:23:19,CRM,CRM_BACKUP_JOB_8,BACKUP,SUCCESS,1295,,host01
2026-01-04 12:53:19,Billing,Billing_REPORT_JOB_16,REPORT,SUCCESS,391,,host01
2026-01-10 10:31:19,CRM,CRM_BACKUP_JOB_11,BACKUP,FAILED,2084,E101,host01
2026-01-09 23:13:19,CRM,CRM_REPORT_JOB_17,REPORT,FAILED,2519,E101,host01
2026-01-07 17:29:19,CRM,CRM_BACKUP_JOB_15,BACKUP,SUCCESS,1555,,host03
2026-01-04 13:01:19,CRM,CRM_BACKUP_JOB_10,BACKUP,SUCCESS,2445,,host02
2026-01-07 17:47:19,Billing,Billing_ETL_JOB_6,ETL,SUCCESS,182,,host03
2026-01-06 03:37:19,ERP,ERP_ETL_JOB_20,ETL,FAILED,2173,E330,host03
2026-01-10 22:07:19,CRM,CRM_REPORT_JOB_13,REPORT,SUCCESS,99,,host03
2026-01-09 03:11:19,ERP,ERP_REPORT_JOB_15,REPORT,SUCCESS,2444,,host01
2026-01-04 23:51:19,CRM,CRM_REPORT_JOB_17,REPORT,SUCCESS,2601,,host01
2026-01-08 08:21:19,HRMS,HRMS_BACKUP_JOB_11,BACKUP,SUCCESS,2290,,host02
2026-01-07 16:35:19,ERP,ERP_BACKUP_JOB_5,BACKUP,SUCCESS,1598,,host02
2026-01-09 23:51:19,Billing,Billing_ETL_JOB_13,ETL,SUCCESS,554,,host03
2026-01-09 13:56:19,CRM,CRM_BACKUP_JOB_17,BACKUP,FAILED,1006,E205,host03
2026-01-04 12:40:19,Billing,Billing_ETL_JOB_10,ETL,SUCCESS,1332,,host03
2026-01-05 20:30:19,CRM,CRM_BACKUP_JOB_12,BACKUP,SUCCESS,163,,host03
2026-01-06 23:39:19,CRM,CRM_REPORT_JOB_10,REPORT,FAILED,2319,E101,host03
2026-01-04 16:02:19,Billing,Billing_ETL_JOB_12,ETL,SUCCESS,480,,host01
2026-01-08 16:53:19,ERP,ERP_ETL_JOB_16,ETL,SUCCESS,3548,,host01
2026-01-06 14:48:19,HRMS,HRMS_BACKUP_JOB_16,BACKUP,SUCCESS,2786,,host01
2026-01-05 07:07:19,ERP,ERP_BACKUP_JOB_16,BACKUP,SUCCESS,2651,,host01
2026-01-08 16:00:19,ERP,ERP_REPORT_JOB_11,REPORT,RUNNING,2951,E101,host02
2026-01-07 15:20:19,HRMS,HRMS_REPORT_JOB_13,REPORT,SUCCESS,3345,,host03
2026-01-07 13:13:19,CRM,CRM_REPORT_JOB_11,REPORT,SUCCESS,95,,host01
2026-01-08 23:31:19,ERP,ERP_ETL_JOB_9,ETL,FAILED,843,E330,host01
2026-01-04 14:31:19,ERP,ERP_BACKUP_JOB_3,BACKUP,FAILED,357,E330,host01
2026-01-05 01:17:19,Billing,Billing_BACKUP_JOB_4,BACKUP,SUCCESS,3084,,host02
2026-01-10 01:01:19,HRMS,HRMS_ETL_JOB_7,ETL,SUCCESS,1145,,host03
2026-01-08 17:43:19,ERP,ERP_ETL_JOB_19,ETL,SUCCESS,128,,host03
2026-01-10 22:32:19,ERP,ERP_ETL_JOB_6,ETL,SUCCESS,178,,host02
2026-01-11 07:02:19,CRM,CRM_REPORT_JOB_20,REPORT,SUCCESS,1319,,host03
2026-01-09 08:00:19,CRM,CRM_BACKUP_JOB_6,BACKUP,FAILED,1467,E330,host02
2026-01-09 00:25:19,CRM,CRM_ETL_JOB_18,ETL,SUCCESS,1039,,host01
2026-01-07 10:59:19,ERP,ERP_REPORT_JOB_5,REPORT,SUCCESS,3169,,host03
2026-01-05 01:18:19,ERP,ERP_ETL_JOB_14,ETL,SUCCESS,2453,,host01
2026-01-06 16:09:19,CRM,CRM_BACKUP_JOB_10,BACKUP,SUCCESS,3534,,host02
2026-01-10 21:28:19,CRM,CRM_BACKUP_JOB_10,BACKUP,SUCCESS,186,,host01
2026-01-05 22:14:19,ERP,ERP_ETL_JOB_1,ETL,SUCCESS,2394,,host02
2026-01-07 04:14:19,Billing,Billing_REPORT_JOB_14,REPORT,FAILED,1239,E330,host02
2026-01-08 06:54:19,CRM,CRM_ETL_JOB_3,ETL,SUCCESS,1002,,host02
2026-01-10 19:11:19,Billing,Billing_ETL_JOB_20,ETL,SUCCESS,1236,,host02
2026-01-11 07:06:19,HRMS,HRMS_REPORT_JOB_8,REPORT,SUCCESS,1567,,host03
2026-01-06 16:04:19,Billing,Billing_BACKUP_JOB_7,BACKUP,SUCCESS,355,,host03
2026-01-08 15:51:19,HRMS,HRMS_REPORT_JOB_5,REPORT,SUCCESS,696,,host03
2026-01-10 17:55:19,CRM,CRM_BACKUP_JOB_20,BACKUP,SUCCESS,3404,,host01
2026-01-09 02:58:19,CRM,CRM_REPORT_JOB_14,REPORT,SUCCESS,2576,,host01
2026-01-08 03:23:19,CRM,CRM_ETL_JOB_12,ETL,SUCCESS,1652,,host01
2026-01-08 16:38:19,ERP,ERP_ETL_JOB_11,ETL,SUCCESS,581,,host01
2026-01-05 20:18:19,HRMS,HRMS_BACKUP_JOB_3,BACKUP,SUCCESS,336,,host03
2026-01-10 02:35:19,CRM,CRM_BACKUP_JOB_4,BACKUP,SUCCESS,2596,,host03
2026-01-09 04:44:19,ERP,ERP_BACKUP_JOB_18,BACKUP,SUCCESS,1864,,host01
2026-01-05 17:30:19,ERP,ERP_REPORT_JOB_18,REPORT,SUCCESS,3365,,host02
2026-01-05 19:25:19,CRM,CRM_ETL_JOB_6,ETL,RUNNING,1080,E330,host03
2026-01-09 15:42:19,CRM,CRM_REPORT_JOB_19,REPORT,SUCCESS,614,,host02
2026-01-09 23:54:19,Billing,Billing_REPORT_JOB_12,REPORT,SUCCESS,2422,,host02
2026-01-05 09:03:19,ERP,ERP_REPORT_JOB_20,REPORT,SUCCESS,32,,host02
2026-01-09 05:37:19,Billing,Billing_ETL_JOB_16,ETL,SUCCESS,3106,,host01
2026-01-11 04:14:19,ERP,ERP_ETL_JOB_13,ETL,FAILED,416,E330,host01
2026-01-10 08:43:19,CRM,CRM_REPORT_JOB_2,REPORT,FAILED,1210,E330,host02
2026-01-09 05:38:19,ERP,ERP_ETL_JOB_1,ETL,SUCCESS,1907,,host01
2026-01-08 12:56:19,ERP,ERP_ETL_JOB_5,ETL,SUCCESS,2112,,host03
2026-01-08 16:38:19,HRMS,HRMS_BACKUP_JOB_9,BACKUP,SUCCESS,2001,,host03
2026-01-06 20:58:19,CRM,CRM_REPORT_JOB_16,REPORT,SUCCESS,2140,,host02
2026-01-09 20:47:19,Billing,Billing_BACKUP_JOB_13,BACKUP,SUCCESS,498,,host03
2026-01-08 05:06:19,CRM,CRM_ETL_JOB_3,ETL,SUCCESS,1114,,host03
2026-01-05 17:02:19,CRM,CRM_BACKUP_JOB_6,BACKUP,SUCCESS,1052,,host02
2026-01-06 15:24:19,ERP,ERP_REPORT_JOB_15,REPORT,SUCCESS,1277,,host02
2026-01-07 20:04:19,CRM,CRM_BACKUP_JOB_12,BACKUP,SUCCESS,880,,host01
2026-01-08 00:56:19,ERP,ERP_BACKUP_JOB_7,BACKUP,SUCCESS,1976,,host02
2026-01-06 15:21:19,CRM,CRM_ETL_JOB_3,ETL,SUCCESS,1877,,host03
2026-01-05 01:59:19,CRM,CRM_ETL_JOB_15,ETL,SUCCESS,1059,,host02
2026-01-09 08:25:19,HRMS,HRMS_ETL_JOB_3,ETL,SUCCESS,1565,,host03
2026-01-09 08:23:19,Billing,Billing_REPORT_JOB_17,REPORT,SUCCESS,892,,host02
2026-01-11 01:24:19,ERP,ERP_ETL_JOB_20,ETL,SUCCESS,1601,,host02
2026-01-07 04:42:19,Billing,Billing_BACKUP_JOB_18,BACKUP,SUCCESS,993,,host01
2026-01-05 20:53:19,HRMS,HRMS_REPORT_JOB_8,REPORT,SUCCESS,3517,,host01
2026-01-04 19:56:19,Billing,Billing_ETL_JOB_6,ETL,SUCCESS,2328,,host03
2026-01-07 08:56:19,Billing,Billing_BACKUP_JOB_8,BACKUP,FAILED,2320,E330,host03
2026-01-05 16:55:19,CRM,CRM_REPORT_JOB_11,REPORT,SUCCESS,1482,,host03
2026-01-05 04:21:19,CRM,CRM_ETL_JOB_18,ETL,SUCCESS,597,,host01
2026-01-06 16:05:19,CRM,CRM_BACKUP_JOB_16,BACKUP,SUCCESS,422,,host02
2026-01-05 14:09:19,Billing,Billing_ETL_JOB_15,ETL,FAILED,2708,E101,host03
2026-01-07 03:21:19,HRMS,HRMS_BACKUP_JOB_1,BACKUP,SUCCESS,1145,,host03
2026-01-08 12:37:19,Billing,Billing_BACKUP_JOB_10,BACKUP,SUCCESS,3222,,host02
2026-01-08 20:26:19,HRMS,HRMS_REPORT_JOB_3,REPORT,RUNNING,2776,E205,host02
2026-01-10 21:58:19,Billing,Billing_REPORT_JOB_9,REPORT,FAILED,1604,E101,host02
2026-01-05 17:01:19,ERP,ERP_REPORT_JOB_20,REPORT,SUCCESS,2469,,host03
2026-01-06 10:30:19,HRMS,HRMS_ETL_JOB_17,ETL,FAILED,243,E330,host03
2026-01-06 14:39:19,CRM,CRM_REPORT_JOB_16,REPORT,FAILED,990,E330,host01
2026-01-09 08:37:19,ERP,ERP_REPORT_JOB_19,REPORT,SUCCESS,2828,,host01
2026-01-09 14:55:19,CRM,CRM_BACKUP_JOB_2,BACKUP,SUCCESS,250,,host02
2026-01-07 20:29:19,HRMS,HRMS_REPORT_JOB_5,REPORT,RUNNING,3142,E101,host01
2026-01-04 13:32:19,CRM,CRM_BACKUP_JOB_16,BACKUP,SUCCESS,3133,,host01
2026-01-06 21:17:19,CRM,CRM_BACKUP_JOB_1,BACKUP,SUCCESS,176,,host02
2026-01-11 09:37:19,CRM,CRM_BACKUP_JOB_2,BACKUP,SUCCESS,1975,,host01
2026-01-04 16:36:19,Billing,Billing_BACKUP_JOB_19,BACKUP,SUCCESS,1715,,host02
2026-01-08 14:57:19,ERP,ERP_REPORT_JOB_16,REPORT,SUCCESS,1964,,host02
2026-01-05 03:56:19,HRMS,HRMS_REPORT_JOB_15,REPORT,FAILED,2837,E330,host02
2026-01-06 23:53:19,CRM,CRM_REPORT_JOB_10,REPORT,SUCCESS,2748,,host03
2026-01-06 04:42:19,ERP,ERP_ETL_JOB_17,ETL,SUCCESS,2582,,host01
2026-01-09 22:43:19,ERP,ERP_ETL_JOB_11,ETL,RUNNING,271,E330,host03
2026-01-06 08:37:19,ERP,ERP_BACKUP_JOB_6,BACKUP,FAILED,2933,E101,host01
2026-01-05 11:06:19,CRM,CRM_ETL_JOB_12,ETL,SUCCESS,3502,,host02
2026-01-06 07:14:19,CRM,CRM_ETL_JOB_16,ETL,SUCCESS,1666,,host03
2026-01-07 10:51:19,CRM,CRM_ETL_JOB_7,ETL,SUCCESS,1313,,host02
2026-01-05 14:50:19,Billing,Billing_REPORT_JOB_3,REPORT,SUCCESS,89,,host01
2026-01-06 17:00:19,HRMS,HRMS_BACKUP_JOB_2,BACKUP,SUCCESS,1088,,host02
2026-01-08 00:01:19,HRMS,HRMS_ETL_JOB_9,ETL,SUCCESS,988,,host01
2026-01-10 15:11:19,ERP,ERP_ETL_JOB_19,ETL,SUCCESS,2071,,host03
2026-01-08 17:48:19,ERP,ERP_BACKUP_JOB_5,BACKUP,FAILED,2667,E205,host03
2026-01-07 08:00:19,HRMS,HRMS_REPORT_JOB_5,REPORT,SUCCESS,3406,,host01
2026-01-05 17:14:19,ERP,ERP_ETL_JOB_14,ETL,SUCCESS,1668,,host02
2026-01-09 08:22:19,CRM,CRM_BACKUP_JOB_18,BACKUP,SUCCESS,75,,host03
2026-01-10 18:25:19,Billing,Billing_ETL_JOB_17,ETL,FAILED,61,E101,host01
2026-01-05 15:44:19,HRMS,HRMS_REPORT_JOB_7,REPORT,SUCCESS,1226,,host03
2026-01-07 09:47:19,HRMS,HRMS_BACKUP_JOB_1,BACKUP,SUCCESS,2975,,host03
2026-01-07 07:20:19,ERP,ERP_ETL_JOB_13,ETL,RUNNING,350,E101,host02
2026-01-07 17:14:19,CRM,CRM_ETL_JOB_18,ETL,SUCCESS,3526,,host02
2026-01-09 00:13:19,HRMS,HRMS_BACKUP_JOB_12,BACKUP,FAILED,1497,E205,host03
2026-01-09 09:41:19,HRMS,HRMS_ETL_JOB_15,ETL,SUCCESS,1051,,host01
2026-01-06 16:24:19,HRMS,HRMS_REPORT_JOB_17,REPORT,SUCCESS,3158,,host03
2026-01-09 22:22:19,ERP,ERP_REPORT_JOB_5,REPORT,SUCCESS,1394,,host01
2026-01-06 00:02:19,ERP,ERP_REPORT_JOB_12,REPORT,SUCCESS,3300,,host01
2026-01-09 17:00:19,Billing,Billing_BACKUP_JOB_18,BACKUP,FAILED,539,E330,host03
2026-01-10 14:28:19,Billing,Billing_REPORT_JOB_10,REPORT,SUCCESS,247,,host02
2026-01-07 04:25:19,HRMS,HRMS_BACKUP_JOB_17,BACKUP,SUCCESS,1529,,host01
2026-01-09 01:17:19,Billing,Billing_ETL_JOB_19,ETL,SUCCESS,3011,,host02
2026-01-07 21:31:19,ERP,ERP_ETL_JOB_14,ETL,SUCCESS,822,,host01
2026-01-06 17:00:19,Billing,Billing_REPORT_JOB_5,REPORT,SUCCESS,1605,,host01
2026-01-06 03:54:19,ERP,ERP_REPORT_JOB_3,REPORT,SUCCESS,1141,,host03
2026-01-06 16:46:19,HRMS,HRMS_ETL_JOB_14,ETL,SUCCESS,2998,,host01
2026-01-05 19:21:19,CRM,CRM_REPORT_JOB_18,REPORT,FAILED,1660,E330,host02
2026-01-09 07:24:19,CRM,CRM_REPORT_JOB_9,REPORT,SUCCESS,943,,host03
2026-01-05 13:43:19,HRMS,HRMS_REPORT_JOB_3,REPORT,SUCCESS,174,,host01
2026-01-07 18:38:19,ERP,ERP_ETL_JOB_7,ETL,SUCCESS,821,,host03
2026-01-04 22:18:19,ERP,ERP_BACKUP_JOB_7,BACKUP,SUCCESS,1080,,host03
2026-01-04 21:27:19,Billing,Billing_BACKUP_JOB_16,BACKUP,FAILED,1419,E205,host02
2026-01-08 00:59:19,HRMS,HRMS_ETL_JOB_14,ETL,SUCCESS,1781,,host03
2026-01-10 07:23:19,Billing,Billing_REPORT_JOB_6,REPORT,SUCCESS,3189,,host03
2026-01-08 21:21:19,Billing,Billing_BACKUP_JOB_15,BACKUP,SUCCESS,3047,,host03
2026-01-08 07:02:19,Billing,Billing_REPORT_JOB_16,REPORT,SUCCESS,106,,host03
2026-01-06 17:37:19,Billing,Billing_ETL_JOB_11,ETL,SUCCESS,962,,host03
2026-01-09 11:39:19,Billing,Billing_ETL_JOB_13,ETL,FAILED,3043,E330,host01
2026-01-07 03:12:19,Billing,Billing_ETL_JOB_11,ETL,SUCCESS,669,,host01
2026-01-06 09:03:19,Billing,Billing_REPORT_JOB_17,REPORT,FAILED,671,E101,host02
2026-01-07 11:06:19,CRM,CRM_ETL_JOB_9,ETL,FAILED,291,E205,host03
2026-01-06 09:59:19,Billing,Billing_BACKUP_JOB_9,BACKUP,SUCCESS,37,,host03
2026-01-09 16:04:19,ERP,ERP_ETL_JOB_5,ETL,SUCCESS,3118,,host01
2026-01-10 00:30:19,ERP,ERP_BACKUP_JOB_1,BACKUP,FAILED,2153,E330,host02
2026-01-04 18:23:19,HRMS,HRMS_BACKUP_JOB_7,BACKUP,SUCCESS,2555,,host02
2026-01-06 16:35:19,Billing,Billing_BACKUP_JOB_19,BACKUP,RUNNING,2365,E101,host03
2026-01-08 13:21:19,CRM,CRM_REPORT_JOB_8,REPORT,FAILED,1260,E330,host01
2026-01-07 17:07:19,Billing,Billing_BACKUP_JOB_11,BACKUP,SUCCESS,3060,,host03
2026-01-05 17:10:19,Billing,Billing_ETL_JOB_17,ETL,SUCCESS,1209,,host03
2026-01-05 08:47:19,HRMS,HRMS_ETL_JOB_6,ETL,SUCCESS,2166,,host03
2026-01-06 12:48:19,Billing,Billing_ETL_JOB_18,ETL,SUCCESS,1335,,host03
2026-01-04 18:19:19,HRMS,HRMS_ETL_JOB_11,ETL,SUCCESS,2699,,host02
2026-01-05 22:56:19,HRMS,HRMS_ETL_JOB_1,ETL,SUCCESS,1466,,host03
2026-01-10 08:56:19,Billing,Billing_BACKUP_JOB_7,BACKUP,SUCCESS,375,,host03
2026-01-08 05:43:19,CRM,CRM_ETL_JOB_12,ETL,SUCCESS,2862,,host01
2026-01-11 09:57:19,Billing,Billing_REPORT_JOB_12,REPORT,SUCCESS,534,,host01
2026-01-08 07:10:19,Billing,Billing_ETL_JOB_3,ETL,SUCCESS,2623,,host02
2026-01-09 02:59:19,ERP,ERP_REPORT_JOB_10,REPORT,RUNNING,2101,E330,host02
2026-01-09 14:40:19,HRMS,HRMS_BACKUP_JOB_1,BACKUP,SUCCESS,2567,,host01
2026-01-07 16:56:19,ERP,ERP_BACKUP_JOB_19,BACKUP,RUNNING,1776,E205,host01
2026-01-09 12:55:19,CRM,CRM_BACKUP_JOB_6,BACKUP,SUCCESS,2937,,host02
2026-01-10 15:15:19,HRMS,HRMS_BACKUP_JOB_6,BACKUP,SUCCESS,1663,,host02
2026-01-09 14:51:19,Billing,Billing_BACKUP_JOB_19,BACKUP,SUCCESS,1829,,host01
2026-01-06 09:31:19,ERP,ERP_REPORT_JOB_2,REPORT,SUCCESS,2336,,host01
2026-01-10 12:34:19,Billing,Billing_REPORT_JOB_3,REPORT,SUCCESS,946,,host03
2026-01-07 06:52:19,CRM,CRM_REPORT_JOB_2,REPORT,SUCCESS,242,,host03
2026-01-04 19:47:19,Billing,Billing_REPORT_JOB_4,REPORT,FAILED,1803,E101,host01
2026-01-07 00:44:19,CRM,CRM_ETL_JOB_10,ETL,FAILED,3567,E101,host01
2026-01-08 13:10:19,CRM,CRM_ETL_JOB_13,ETL,SUCCESS,1348,,host01
2026-01-09 02:16:19,ERP,ERP_REPORT_JOB_4,REPORT,SUCCESS,2399,,host03
2026-01-07 16:51:19,HRMS,HRMS_ETL_JOB_10,ETL,SUCCESS,1371,,host03
2026-01-09 05:22:19,Billing,Billing_REPORT_JOB_9,REPORT,SUCCESS,1551,,host03
2026-01-05 20:53:19,CRM,CRM_ETL_JOB_9,ETL,SUCCESS,3449,,host03
2026-01-11 05:53:19,ERP,ERP_REPORT_JOB_16,REPORT,SUCCESS,2850,,host01
2026-01-09 05:46:19,ERP,ERP_REPORT_JOB_3,REPORT,SUCCESS,679,,host03
2026-01-09 21:55:19,Billing,Billing_ETL_JOB_15,ETL,SUCCESS,302,,host02
2026-01-08 01:36:19,ERP,ERP_REPORT_JOB_4,REPORT,RUNNING,3168,E205,host03
2026-01-11 08:26:19,HRMS,HRMS_ETL_JOB_13,ETL,SUCCESS,645,,host01
2026-01-09 01:23:19,CRM,CRM_ETL_JOB_18,ETL,SUCCESS,1343,,host01
2026-01-07 15:01:19,Billing,Billing_ETL_JOB_12,ETL,FAILED,884,E330,host03
2026-01-07 18:30:19,Billing,Billing_REPORT_JOB_8,REPORT,SUCCESS,645,,host02
2026-01-07 01:38:19,CRM,CRM_ETL_JOB_17,ETL,SUCCESS,605,,host03
2026-01-08 02:42:19,Billing,Billing_ETL_JOB_16,ETL,SUCCESS,2351,,host01
2026-01-08 01:40:19,ERP,ERP_REPORT_JOB_16,REPORT,SUCCESS,414,,host03
2026-01-10 07:34:19,Billing,Billing_ETL_JOB_14,ETL,RUNNING,2264,E101,host02
2026-01-05 05:45:19,HRMS,HRMS_ETL_JOB_14,ETL,SUCCESS,3319,,host03
2026-01-08 22:39:19,CRM,CRM_ETL_JOB_12,ETL,SUCCESS,1983,,host02
2026-01-07 20:58:19,CRM,CRM_REPORT_JOB_16,REPORT,SUCCESS,3559,,host03
2026-01-09 21:40:19,HRMS,HRMS_ETL_JOB_11,ETL,SUCCESS,1433,,host01
2026-01-07 20:03:19,HRMS,HRMS_REPORT_JOB_1,REPORT,SUCCESS,1986,,host01
2026-01-09 14:53:19,CRM,CRM_BACKUP_JOB_20,BACKUP,SUCCESS,3391,,host02
2026-01-07 18:36:19,CRM,CRM_ETL_JOB_2,ETL,SUCCESS,3325,,host01
2026-01-10 07:20:19,Billing,Billing_ETL_JOB_3,ETL,SUCCESS,1237,,host02
2026-01-09 20:43:19,HRMS,HRMS_ETL_JOB_10,ETL,SUCCESS,3367,,host03
2026-01-11 07:03:19,HRMS,HRMS_REPORT_JOB_6,REPORT,SUCCESS,3089,,host01
2026-01-05 03:58:19,Billing,Billing_BACKUP_JOB_7,BACKUP,SUCCESS,603,,host01
2026-01-08 22:14:19,ERP,ERP_ETL_JOB_13,ETL,SUCCESS,121,,host03
2026-01-10 18:36:19,ERP,ERP_BACKUP_JOB_17,BACKUP,FAILED,1726,E101,host03
2026-01-08 13:33:19,HRMS,HRMS_ETL_JOB_19,ETL,SUCCESS,3327,,host01
2026-01-07 12:32:19,CRM,CRM_BACKUP_JOB_8,BACKUP,SUCCESS,1627,,host03
2026-01-07 11:27:19,ERP,ERP_REPORT_JOB_11,REPORT,SUCCESS,3558,,host01
2026-01-09 13:08:19,Billing,Billing_ETL_JOB_7,ETL,FAILED,1241,E205,host02
2026-01-07 01:59:19,Billing,Billing_REPORT_JOB_7,REPORT,SUCCESS,1590,,host02
2026-01-06 10:49:19,Billing,Billing_BACKUP_JOB_9,BACKUP,SUCCESS,2988,,host02
2026-01-07 21:22:19,ERP,ERP_BACKUP_JOB_11,BACKUP,SUCCESS,3562,,host01
2026-01-07 17:24:19,ERP,ERP_REPORT_JOB_15,REPORT,SUCCESS,1150,,host02
2026-01-09 22:37:19,CRM,CRM_BACKUP_JOB_19,BACKUP,SUCCESS,1870,,host01
2026-01-10 20:59:19,CRM,CRM_REPORT_JOB_17,REPORT,SUCCESS,3304,,host01
2026-01-10 13:24:19,Billing,Billing_BACKUP_JOB_3,BACKUP,SUCCESS,2049,,host02
2026-01-06 14:47:19,CRM,CRM_REPORT_JOB_16,REPORT,SUCCESS,1761,,host02
2026-01-05 06:14:19,CRM,CRM_ETL_JOB_12,ETL,SUCCESS,1027,,host03
2026-01-05 21:13:19,CRM,CRM_REPORT_JOB_8,REPORT,SUCCESS,1446,,host01
2026-01-05 12:55:19,CRM,CRM_ETL_JOB_8,ETL,SUCCESS,2379,,host01
2026-01-04 17:28:19,Billing,Billing_ETL_JOB_1,ETL,SUCCESS,1616,,host03
2026-01-08 04:12:19,HRMS,HRMS_REPORT_JOB_17,REPORT,RUNNING,3445,E101,host01
2026-01-11 01:43:19,CRM,CRM_ETL_JOB_5,ETL,SUCCESS,2326,,host01
2026-01-04 17:23:19,ERP,ERP_REPORT_JOB_3,REPORT,SUCCESS,2547,,host03
2026-01-08 13:58:19,ERP,ERP_ETL_JOB_10,ETL,SUCCESS,1663,,host01
2026-01-05 23:22:19,HRMS,HRMS_REPORT_JOB_2,REPORT,SUCCESS,977,,host01
2026-01-10 16:16:19,HRMS,HRMS_REPORT_JOB_12,REPORT,SUCCESS,1329,,host02
2026-01-08 08:48:19,HRMS,HRMS_REPORT_JOB_8,REPORT,FAILED,762,E205,host02
2026-01-05 08:17:19,ERP,ERP_ETL_JOB_5,ETL,SUCCESS,3498,,host03
2026-01-10 20:33:19,CRM,CRM_BACKUP_JOB_3,BACKUP,FAILED,357,E330,host02
2026-01-10 01:55:19,HRMS,HRMS_ETL_JOB_3,ETL,FAILED,2516,E101,host03
2026-01-06 23:36:19,Billing,Billing_ETL_JOB_9,ETL,SUCCESS,1864,,host02
2026-01-04 15:59:19,CRM,CRM_BACKUP_JOB_6,BACKUP,SUCCESS,3062,,host01
2026-01-07 11:59:19,CRM,CRM_ETL_JOB_19,ETL,FAILED,3052,E101,host01
2026-01-09 08:10:19,Billing,Billing_REPORT_JOB_12,REPORT,SUCCESS,1115,,host01
2026-01-06 00:52:19,Billing,Billing_REPORT_JOB_13,REPORT,RUNNING,2335,E330,host01
2026-01-10 15:47:19,HRMS,HRMS_REPORT_JOB_7,REPORT,SUCCESS,3505,,host01
2026-01-05 07:08:19,HRMS,HRMS_ETL_JOB_13,ETL,SUCCESS,3482,,host01
2026-01-08 00:44:19,Billing,Billing_REPORT_JOB_17,REPORT,SUCCESS,3153,,host03
2026-01-04 20:13:19,ERP,ERP_BACKUP_JOB_18,BACKUP,SUCCESS,1315,,host03
2026-01-08 19:26:19,HRMS,HRMS_BACKUP_JOB_15,BACKUP,SUCCESS,2956,,host01
2026-01-06 23:33:19,CRM,CRM_BACKUP_JOB_17,BACKUP,SUCCESS,615,,host01
2026-01-05 23:18:19,ERP,ERP_BACKUP_JOB_18,BACKUP,FAILED,1574,E205,host03
2026-01-04 13:12:19,HRMS,HRMS_BACKUP_JOB_13,BACKUP,SUCCESS,1252,,host03
2026-01-09 14:15:19,Billing,Billing_ETL_JOB_19,ETL,SUCCESS,2456,,host02
2026-01-10 09:58:19,Billing,Billing_REPORT_JOB_16,REPORT,SUCCESS,327,,host03
2026-01-09 09:39:19,ERP,ERP_ETL_JOB_10,ETL,SUCCESS,726,,host03
2026-01-06 07:09:19,Billing,Billing_REPORT_JOB_16,REPORT,FAILED,3172,E205,host02
2026-01-09 16:29:19,HRMS,HRMS_BACKUP_JOB_18,BACKUP,SUCCESS,1607,,host03
2026-01-07 13:03:19,Billing,Billing_ETL_JOB_19,ETL,SUCCESS,1188,,host01
2026-01-08 20:15:19,ERP,ERP_BACKUP_JOB_17,BACKUP,SUCCESS,1109,,host01
2026-01-05 22:22:19,ERP,ERP_BACKUP_JOB_3,BACKUP,SUCCESS,2997,,host03
2026-01-08 03:23:19,CRM,CRM_ETL_JOB_4,ETL,SUCCESS,3522,,host03
2026-01-06 18:59:19,Billing,Billing_ETL_JOB_2,ETL,FAILED,671,E330,host03
2026-01-10 07:18:19,HRMS,HRMS_ETL_JOB_15,ETL,SUCCESS,2068,,host01
2026-01-07 16:37:19,HRMS,HRMS_ETL_JOB_16,ETL,SUCCESS,1426,,host03
2026-01-06 10:16:19,Billing,Billing_ETL_JOB_12,ETL,FAILED,1215,E101,host02
2026-01-05 22:34:19,ERP,ERP_REPORT_JOB_1,REPORT,SUCCESS,888,,host01
2026-01-07 03:26:19,ERP,ERP_REPORT_JOB_3,REPORT,SUCCESS,1743,,host01
2026-01-05 01:37:19,HRMS,HRMS_REPORT_JOB_2,REPORT,SUCCESS,637,,host01
2026-01-05 11:32:19,CRM,CRM_BACKUP_JOB_10,BACKUP,FAILED,2600,E205,host03
2026-01-06 09:57:19,Billing,Billing_ETL_JOB_7,ETL,SUCCESS,3466,,host02
2026-01-10 09:56:19,CRM,CRM_REPORT_JOB_15,REPORT,SUCCESS,894,,host02
2026-01-05 03:16:19,CRM,CRM_ETL_JOB_12,ETL,SUCCESS,2713,,host03
2026-01-07 00:32:19,ERP,ERP_REPORT_JOB_5,REPORT,SUCCESS,3417,,host02
2026-01-05 00:22:19,CRM,CRM_BACKUP_JOB_4,BACKUP,SUCCESS,1109,,host03
2026-01-06 14:54:19,ERP,ERP_REPORT_JOB_6,REPORT,FAILED,2663,E101,host01
2026-01-08 07:14:19,CRM,CRM_ETL_JOB_1,ETL,SUCCESS,2667,,host01
2026-01-05 02:23:19,CRM,CRM_BACKUP_JOB_16,BACKUP,SUCCESS,858,,host01
2026-01-11 09:48:19,ERP,ERP_REPORT_JOB_7,REPORT,FAILED,1602,E330,host02
2026-01-09 13:49:19,Billing,Billing_BACKUP_JOB_4,BACKUP,SUCCESS,649,,host03
2026-01-10 02:11:19,HRMS,HRMS_REPORT_JOB_12,REPORT,SUCCESS,1730,,host02
2026-01-05 17:58:19,CRM,CRM_BACKUP_JOB_5,BACKUP,SUCCESS,2002,,host02
2026-01-05 17:26:19,ERP,ERP_ETL_JOB_10,ETL,SUCCESS,2214,,host02
2026-01-07 01:19:19,HRMS,HRMS_REPORT_JOB_10,REPORT,SUCCESS,1604,,host03
2026-01-07 09:40:19,CRM,CRM_ETL_JOB_2,ETL,SUCCESS,3357,,host02
2026-01-10 07:44:19,ERP,ERP_ETL_JOB_16,ETL,FAILED,3153,E330,host01
2026-01-04 11:39:19,ERP,ERP_ETL_JOB_1,ETL,SUCCESS,1122,,host02
2026-01-06 13:58:19,HRMS,HRMS_REPORT_JOB_18,REPORT,SUCCESS,924,,host03
2026-01-07 15:36:19,Billing,Billing_BACKUP_JOB_19,BACKUP,SUCCESS,208,,host03
2026-01-09 04:23:19,HRMS,HRMS_BACKUP_JOB_11,BACKUP,SUCCESS,1464,,host01
2026-01-06 07:17:19,HRMS,HRMS_REPORT_JOB_5,REPORT,SUCCESS,2836,,host02
2026-01-06 17:44:19,CRM,CRM_ETL_JOB_8,ETL,SUCCESS,2706,,host02
2026-01-08 06:23:19,HRMS,HRMS_REPORT_JOB_18,REPORT,SUCCESS,283,,host03
2026-01-04 21:54:19,ERP,ERP_ETL_JOB_5,ETL,SUCCESS,3174,,host01
2026-01-06 00:03:19,HRMS,HRMS_BACKUP_JOB_7,BACKUP,SUCCESS,2478,,host02
2026-01-08 22:56:19,ERP,ERP_ETL_JOB_3,ETL,SUCCESS,2489,,host03
2026-01-04 16:35:19,HRMS,HRMS_ETL_JOB_17,ETL,SUCCESS,3253,,host03
2026-01-11 00:11:19,CRM,CRM_BACKUP_JOB_5,BACKUP,SUCCESS,1621,,host03
2026-01-08 16:37:19,ERP,ERP_BACKUP_JOB_4,BACKUP,SUCCESS,578,,host03
2026-01-04 23:42:19,CRM,CRM_ETL_JOB_20,ETL,SUCCESS,476,,host01
2026-01-04 13:41:19,CRM,CRM_ETL_JOB_1,ETL,FAILED,2864,E330,host01
2026-01-10 10:19:19,Billing,Billing_BACKUP_JOB_6,BACKUP,FAILED,878,E330,host02
2026-01-05 02:53:19,ERP,ERP_REPORT_JOB_19,REPORT,SUCCESS,1085,,host02
2026-01-11 03:15:19,CRM,CRM_BACKUP_JOB_18,BACKUP,SUCCESS,2318,,host02
2026-01-07 11:36:19,ERP,ERP_REPORT_JOB_8,REPORT,FAILED,647,E330,host01
2026-01-05 17:08:19,HRMS,HRMS_ETL_JOB_20,ETL,SUCCESS,2351,,host01
2026-01-09 03:06:19,ERP,ERP_REPORT_JOB_1,REPORT,RUNNING,2634,E205,host03
2026-01-09 17:20:19,CRM,CRM_REPORT_JOB_3,REPORT,SUCCESS,3061,,host02
2026-01-04 11:58:19,CRM,CRM_ETL_JOB_9,ETL,SUCCESS,3087,,host03
2026-01-04 15:03:19,CRM,CRM_BACKUP_JOB_13,BACKUP,FAILED,936,E101,host01
2026-01-11 05:32:19,Billing,Billing_REPORT_JOB_15,REPORT,SUCCESS,2426,,host03
2026-01-05 13:17:19,ERP,ERP_ETL_JOB_6,ETL,FAILED,2280,E205,host02
2026-01-06 18:04:19,Billing,Billing_REPORT_JOB_10,REPORT,SUCCESS,2968,,host01
2026-01-07 13:48:19,Billing,Billing_REPORT_JOB_5,REPORT,SUCCESS,1620,,host01
2026-01-07 03:34:19,HRMS,HRMS_REPORT_JOB_15,REPORT,SUCCESS,94,,host02
2026-01-06 00:51:19,ERP,ERP_REPORT_JOB_1,REPORT,SUCCESS,840,,host01
2026-01-05 21:50:19,ERP,ERP_BACKUP_JOB_6,BACKUP,SUCCESS,407,,host02
2026-01-08 22:32:19,Billing,Billing_ETL_JOB_19,ETL,SUCCESS,765,,host02
2026-01-04 23:44:19,Billing,Billing_REPORT_JOB_19,REPORT,SUCCESS,2065,,host02
2026-01-06 09:49:19,HRMS,HRMS_ETL_JOB_1,ETL,SUCCESS,1332,,host02
2026-01-07 16:52:19,HRMS,HRMS_REPORT_JOB_3,REPORT,SUCCESS,2114,,host03
2026-01-08 12:41:19,Billing,Billing_REPORT_JOB_16,REPORT,SUCCESS,2281,,host03
2026-01-07 11:14:19,HRMS,HRMS_ETL_JOB_15,ETL,SUCCESS,1189,,host02
2026-01-06 13:48:19,CRM,CRM_ETL_JOB_10,ETL,SUCCESS,2470,,host01
2026-01-08 06:11:19,Billing,Billing_BACKUP_JOB_17,BACKUP,SUCCESS,1323,,host01
2026-01-09 00:48:19,ERP,ERP_BACKUP_JOB_4,BACKUP,FAILED,285,E330,host01
2026-01-08 14:52:19,HRMS,HRMS_ETL_JOB_9,ETL,SUCCESS,813,,host01
2026-01-07 16:59:19,Billing,Billing_REPORT_JOB_12,REPORT,SUCCESS,1828,,host01
2026-01-06 08:58:19,CRM,CRM_BACKUP_JOB_14,BACKUP,FAILED,483,E330,host02
2026-01-09 00:24:19,HRMS,HRMS_BACKUP_JOB_15,BACKUP,FAILED,500,E205,host02
2026-01-06 12:41:19,ERP,ERP_REPORT_JOB_4,REPORT,SUCCESS,2185,,host03
2026-01-10 20:54:19,ERP,ERP_BACKUP_JOB_12,BACKUP,SUCCESS,1081,,host02
2026-01-08 16:31:19,HRMS,HRMS_ETL_JOB_13,ETL,SUCCESS,3348,,host02
2026-01-06 12:02:19,CRM,CRM_ETL_JOB_13,ETL,SUCCESS,1897,,host01
2026-01-06 17:47:19,ERP,ERP_ETL_JOB_6,ETL,SUCCESS,2281,,host03
2026-01-06 13:34:19,HRMS,HRMS_BACKUP_JOB_6,BACKUP,SUCCESS,2986,,host01
2026-01-07 13:01:19,ERP,ERP_ETL_JOB_15,ETL,SUCCESS,1716,,host01
2026-01-07 12:31:19,Billing,Billing_BACKUP_JOB_10,BACKUP,SUCCESS,3103,,host02
2026-01-06 06:44:19,HRMS,HRMS_REPORT_JOB_14,REPORT,SUCCESS,1392,,host03
2026-01-08 09:00:19,CRM,CRM_BACKUP_JOB_4,BACKUP,SUCCESS,1650,,host03
2026-01-05 10:08:19,ERP,ERP_ETL_JOB_15,ETL,SUCCESS,2007,,host02
2026-01-05 02:06:19,Billing,Billing_REPORT_JOB_2,REPORT,SUCCESS,1511,,host02
2026-01-11 03:43:19,Billing,Billing_REPORT_JOB_9,REPORT,SUCCESS,2954,,host02
2026-01-08 23:46:19,HRMS,HRMS_REPORT_JOB_10,REPORT,SUCCESS,2788,,host02
2026-01-09 14:13:19,HRMS,HRMS_ETL_JOB_17,ETL,SUCCESS,2456,,host02
2026-01-04 12:49:19,CRM,CRM_REPORT_JOB_14,REPORT,SUCCESS,2659,,host03
2026-01-09 20:30:19,ERP,ERP_REPORT_JOB_14,REPORT,SUCCESS,1630,,host03
2026-01-10 19:17:19,Billing,Billing_REPORT_JOB_9,REPORT,SUCCESS,3016,,host01
2026-01-06 03:53:19,HRMS,HRMS_BACKUP_JOB_8,BACKUP,SUCCESS,912,,host01
2026-01-11 09:51:19,CRM,CRM_ETL_JOB_18,ETL,SUCCESS,3510,,host02
2026-01-11 01:12:19,ERP,ERP_REPORT_JOB_9,REPORT,FAILED,2545,E205,host01
2026-01-08 08:09:19,CRM,CRM_REPORT_JOB_16,REPORT,SUCCESS,786,,host03
2026-01-04 16:46:19,Billing,Billing_BACKUP_JOB_15,BACKUP,SUCCESS,550,,host03
2026-01-09 21:02:19,ERP,ERP_ETL_JOB_15,ETL,SUCCESS,867,,host01
2026-01-09 18:25:19,CRM,CRM_BACKUP_JOB_9,BACKUP,SUCCESS,1544,,host03
2026-01-04 12:25:19,Billing,Billing_BACKUP_JOB_3,BACKUP,SUCCESS,1328,,host01
2026-01-10 15:34:19,Billing,Billing_BACKUP_JOB_3,BACKUP,SUCCESS,2515,,host03
2026-01-05 11:27:19,CRM,CRM_BACKUP_JOB_5,BACKUP,SUCCESS,2772,,host03
2026-01-07 21:11:19,HRMS,HRMS_BACKUP_JOB_12,BACKUP,SUCCESS,2985,,host03
2026-01-05 15:22:19,ERP,ERP_BACKUP_JOB_1,BACKUP,SUCCESS,758,,host02
2026-01-07 16:09:19,CRM,CRM_REPORT_JOB_17,REPORT,SUCCESS,2112,,host03
2026-01-08 02:12:19,HRMS,HRMS_ETL_JOB_4,ETL,SUCCESS,1923,,host03
2026-01-06 10:39:19,ERP,ERP_REPORT_JOB_19,REPORT,FAILED,2700,E205,host02
2026-01-06 12:14:19,HRMS,HRMS_ETL_JOB_18,ETL,SUCCESS,856,,host02
2026-01-10 03:42:19,HRMS,HRMS_REPORT_JOB_5,REPORT,SUCCESS,2703,,host02
2026-01-08 12:34:19,Billing,Billing_ETL_JOB_12,ETL,SUCCESS,1335,,host02
2026-01-06 12:00:19,Billing,Billing_BACKUP_JOB_1,BACKUP,SUCCESS,1994,,host03
2026-01-07 05:35:19,Billing,Billing_REPORT_JOB_10,REPORT,SUCCESS,115,,host02
2026-01-10 13:52:19,CRM,CRM_BACKUP_JOB_3,BACKUP,RUNNING,1250,E101,host03
2026-01-08 01:15:19,Billing,Billing_REPORT_JOB_8,REPORT,SUCCESS,628,,host02
2026-01-09 16:17:19,CRM,CRM_REPORT_JOB_19,REPORT,FAILED,1292,E205,host01
2026-01-09 11:36:19,Billing,Billing_REPORT_JOB_3,REPORT,SUCCESS,2572,,host02
2026-01-08 10:42:19,HRMS,HRMS_ETL_JOB_12,ETL,SUCCESS,2179,,host03
2026-01-09 00:07:19,Billing,Billing_ETL_JOB_11,ETL,SUCCESS,719,,host02
2026-01-04 23:38:19,HRMS,HRMS_ETL_JOB_14,ETL,SUCCESS,1621,,host01
2026-01-10 16:18:19,CRM,CRM_REPORT_JOB_17,REPORT,SUCCESS,2833,,host02
2026-01-10 06:01:19,CRM,CRM_REPORT_JOB_8,REPORT,SUCCESS,1939,,host03
2026-01-09 12:33:19,Billing,Billing_REPORT_JOB_1,REPORT,SUCCESS,1233,,host02
2026-01-04 23:51:19,ERP,ERP_REPORT_JOB_20,REPORT,FAILED,2672,E330,host03
2026-01-05 14:04:19,CRM,CRM_ETL_JOB_15,ETL,SUCCESS,3386,,host01
2026-01-06 23:34:19,ERP,ERP_BACKUP_JOB_7,BACKUP,SUCCESS,2784,,host02
2026-01-04 17:57:19,HRMS,HRMS_ETL_JOB_16,ETL,SUCCESS,1733,,host01
2026-01-05 19:40:19,CRM,CRM_REPORT_JOB_12,REPORT,SUCCESS,311,,host03
2026-01-06 23:47:19,Billing,Billing_REPORT_JOB_3,REPORT,SUCCESS,3589,,host03
2026-01-07 20:39:19,ERP,ERP_BACKUP_JOB_14,BACKUP,SUCCESS,2703,,host03
2026-01-07 13:35:19,CRM,CRM_ETL_JOB_8,ETL,FAILED,536,E330,host02
2026-01-07 17:17:19,ERP,ERP_BACKUP_JOB_15,BACKUP,SUCCESS,2364,,host03
2026-01-08 12:11:19,Billing,Billing_REPORT_JOB_18,REPORT,SUCCESS,2161,,host03
2026-01-09 10:54:19,CRM,CRM_ETL_JOB_5,ETL,SUCCESS,1139,,host03
2026-01-09 22:23:19,CRM,CRM_BACKUP_JOB_10,BACKUP,SUCCESS,198,,host02
2026-01-07 07:46:19,Billing,Billing_BACKUP_JOB_8,BACKUP,SUCCESS,1249,,host03
2026-01-08 17:06:19,Billing,Billing_BACKUP_JOB_1,BACKUP,RUNNING,3535,E330,host01
2026-01-05 00:50:19,CRM,CRM_REPORT_JOB_1,REPORT,SUCCESS,2234,,host02
2026-01-08 20:45:19,HRMS,HRMS_ETL_JOB_13,ETL,SUCCESS,2166,,host03
2026-01-06 16:29:19,Billing,Billing_ETL_JOB_11,ETL,SUCCESS,3514,,host03
2026-01-09 16:20:19,ERP,ERP_REPORT_JOB_18,REPORT,SUCCESS,1571,,host02
2026-01-09 00:56:19,ERP,ERP_REPORT_JOB_8,REPORT,FAILED,2169,E101,host01
2026-01-11 03:27:19,HRMS,HRMS_REPORT_JOB_11,REPORT,SUCCESS,3466,,host01
2026-01-08 19:40:19,Billing,Billing_REPORT_JOB_9,REPORT,FAILED,2367,E101,host01
2026-01-06 14:22:19,Billing,Billing_REPORT_JOB_19,REPORT,SUCCESS,3419,,host02
2026-01-09 23:32:19,HRMS,HRMS_BACKUP_JOB_16,BACKUP,SUCCESS,3350,,host01
2026-01-07 23:19:19,Billing,Billing_REPORT_JOB_11,REPORT,SUCCESS,3216,,host03
2026-01-06 03:27:19,ERP,ERP_BACKUP_JOB_14,BACKUP,SUCCESS,1436,,host03
2026-01-10 21:33:19,ERP,ERP_REPORT_JOB_4,REPORT,RUNNING,84,E330,host01
2026-01-10 07:49:19,ERP,ERP_BACKUP_JOB_16,BACKUP,SUCCESS,1860,,host01
2026-01-09 19:36:19,Billing,Billing_BACKUP_JOB_11,BACKUP,SUCCESS,1545,,host02
2026-01-04 17:30:19,HRMS,HRMS_REPORT_JOB_7,REPORT,SUCCESS,789,,host03
2026-01-06 03:05:19,Billing,Billing_BACKUP_JOB_20,BACKUP,FAILED,1530,E205,host02
2026-01-08 18:03:19,CRM,CRM_BACKUP_JOB_12,BACKUP,SUCCESS,3087,,host01
2026-01-04 17:04:19,ERP,ERP_BACKUP_JOB_10,BACKUP,SUCCESS,3540,,host03
2026-01-08 23:27:19,HRMS,HRMS_ETL_JOB_5,ETL,SUCCESS,1112,,host02
2026-01-09 22:08:19,HRMS,HRMS_ETL_JOB_14,ETL,SUCCESS,770,,host02
2026-01-09 10:24:19,CRM,CRM_BACKUP_JOB_3,BACKUP,SUCCESS,188,,host02
2026-01-06 23:48:19,CRM,CRM_BACKUP_JOB_9,BACKUP,SUCCESS,561,,host01
2026-01-09 15:55:19,HRMS,HRMS_BACKUP_JOB_12,BACKUP,SUCCESS,1639,,host02
2026-01-04 19:52:19,Billing,Billing_BACKUP_JOB_4,BACKUP,FAILED,2719,E330,host03
2026-01-09 14:21:19,Billing,Billing_BACKUP_JOB_7,BACKUP,SUCCESS,1912,,host02
2026-01-05 20:46:19,CRM,CRM_ETL_JOB_6,ETL,FAILED,543,E205,host01
2026-01-11 03:30:19,Billing,Billing_REPORT_JOB_16,REPORT,SUCCESS,855,,host03
2026-01-11 05:14:19,ERP,ERP_REPORT_JOB_1,REPORT,SUCCESS,172,,host01
2026-01-06 13:41:19,ERP,ERP_ETL_JOB_8,ETL,SUCCESS,492,,host03
2026-01-06 20:21:19,Billing,Billing_ETL_JOB_9,ETL,SUCCESS,2709,,host01
2026-01-09 13:19:19,Billing,Billing_BACKUP_JOB_7,BACKUP,SUCCESS,881,,host02
2026-01-07 22:17:19,ERP,ERP_ETL_JOB_3,ETL,SUCCESS,3377,,host02
2026-01-10 23:53:19,HRMS,HRMS_ETL_JOB_2,ETL,SUCCESS,3399,,host03
2026-01-11 00:54:19,ERP,ERP_BACKUP_JOB_11,BACKUP,FAILED,1411,E101,host01
2026-01-05 07:35:19,ERP,ERP_ETL_JOB_9,ETL,SUCCESS,1373,,host02
2026-01-04 11:31:19,CRM,CRM_REPORT_JOB_2,REPORT,SUCCESS,1241,,host03
2026-01-08 00:00:19,HRMS,HRMS_ETL_JOB_13,ETL,SUCCESS,3167,,host01
2026-01-10 14:28:19,CRM,CRM_ETL_JOB_18,ETL,FAILED,2455,E205,host01
2026-01-05 18:47:19,ERP,ERP_BACKUP_JOB_2,BACKUP,SUCCESS,2239,,host01
2026-01-09 16:22:19,ERP,ERP_ETL_JOB_8,ETL,FAILED,2560,E205,host02
2026-01-10 02:04:19,HRMS,HRMS_ETL_JOB_14,ETL,SUCCESS,2647,,host01
2026-01-10 15:33:19,Billing,Billing_REPORT_JOB_16,REPORT,SUCCESS,547,,host02
2026-01-07 12:45:19,ERP,ERP_REPORT_JOB_17,REPORT,SUCCESS,1699,,host03
2026-01-06 18:59:19,HRMS,HRMS_REPORT_JOB_1,REPORT,SUCCESS,1989,,host03
2026-01-05 03:45:19,ERP,ERP_ETL_JOB_3,ETL,SUCCESS,2748,,host03
2026-01-09 14:40:19,HRMS,HRMS_BACKUP_JOB_4,BACKUP,FAILED,1931,E101,host01
2026-01-07 02:02:19,Billing,Billing_REPORT_JOB_14,REPORT,SUCCESS,296,,host03
2026-01-10 06:28:19,Billing,Billing_ETL_JOB_11,ETL,SUCCESS,154,,host03
2026-01-06 05:35:19,HRMS,HRMS_REPORT_JOB_20,REPORT,SUCCESS,1525,,host02
2026-01-06 14:31:19,HRMS,HRMS_REPORT_JOB_16,REPORT,SUCCESS,73,,host03
2026-01-06 11:11:19,HRMS,HRMS_ETL_JOB_19,ETL,SUCCESS,760,,host02
2026-01-11 03:11:19,CRM,CRM_ETL_JOB_12,ETL,SUCCESS,474,,host02
2026-01-07 06:31:19,CRM,CRM_ETL_JOB_15,ETL,SUCCESS,2179,,host01
2026-01-08 12:15:19,HRMS,HRMS_REPORT_JOB_11,REPORT,SUCCESS,888,,host02
2026-01-10 15:52:19,ERP,ERP_BACKUP_JOB_15,BACKUP,SUCCESS,2145,,host01
2026-01-05 08:38:19,HRMS,HRMS_BACKUP_JOB_12,BACKUP,SUCCESS,1920,,host03
2026-01-10 19:11:19,CRM,CRM_BACKUP_JOB_9,BACKUP,SUCCESS,2193,,host01
2026-01-09 13:51:19,ERP,ERP_REPORT_JOB_8,REPORT,SUCCESS,805,,host01
2026-01-10 19:48:19,ERP,ERP_BACKUP_JOB_11,BACKUP,FAILED,1254,E205,host01
2026-01-05 22:55:19,Billing,Billing_BACKUP_JOB_8,BACKUP,SUCCESS,116,,host02
2026-01-09 02:01:19,Billing,Billing_ETL_JOB_12,ETL,SUCCESS,2074,,host01
2026-01-05 22:59:19,ERP,ERP_BACKUP_JOB_15,BACKUP,SUCCESS,490,,host01
2026-01-07 02:53:19,Billing,Billing_ETL_JOB_14,ETL,FAILED,1649,E205,host02
2026-01-07 16:23:19,HRMS,HRMS_ETL_JOB_7,ETL,SUCCESS,3574,,host01
2026-01-07 17:35:19,ERP,ERP_ETL_JOB_17,ETL,SUCCESS,2437,,host02
2026-01-06 17:20:19,Billing,Billing_BACKUP_JOB_6,BACKUP,SUCCESS,384,,host03
2026-01-08 12:04:19,HRMS,HRMS_BACKUP_JOB_2,BACKUP,SUCCESS,2267,,host03
2026-01-11 02:22:19,Billing,Billing_REPORT_JOB_1,REPORT,SUCCESS,1890,,host01
2026-01-09 16:28:19,Billing,Billing_REPORT_JOB_4,REPORT,SUCCESS,1582,,host02
2026-01-10 05:35:19,Billing,Billing_REPORT_JOB_9,REPORT,SUCCESS,1054,,host03
2026-01-08 09:12:19,CRM,CRM_REPORT_JOB_11,REPORT,SUCCESS,1765,,host03
2026-01-05 03:12:19,CRM,CRM_BACKUP_JOB_18,BACKUP,FAILED,2564,E101,host03
2026-01-08 20:59:19,CRM,CRM_REPORT_JOB_11,REPORT,SUCCESS,1370,,host03
2026-01-09 17:42:19,Billing,Billing_BACKUP_JOB_16,BACKUP,FAILED,2820,E205,host02
2026-01-10 17:07:19,ERP,ERP_BACKUP_JOB_8,BACKUP,SUCCESS,3030,,host01
2026-01-05 04:09:19,Billing,Billing_ETL_JOB_17,ETL,SUCCESS,2112,,host01
2026-01-07 22:47:19,CRM,CRM_ETL_JOB_7,ETL,RUNNING,89,E101,host03
2026-01-10 16:38:19,CRM,CRM_REPORT_JOB_10,REPORT,SUCCESS,2594,,host02
2026-01-08 02:09:19,CRM,CRM_REPORT_JOB_9,REPORT,SUCCESS,106,,host01
2026-01-09 11:01:19,Billing,Billing_ETL_JOB_15,ETL,SUCCESS,3003,,host02
2026-01-09 09:39:19,Billing,Billing_ETL_JOB_13,ETL,SUCCESS,3456,,host03
2026-01-04 22:21:19,Billing,Billing_REPORT_JOB_10,REPORT,SUCCESS,1828,,host01
2026-01-06 09:40:19,HRMS,HRMS_ETL_JOB_7,ETL,SUCCESS,2965,,host03
2026-01-10 20:53:19,Billing,Billing_BACKUP_JOB_17,BACKUP,FAILED,1149,E101,host01
2026-01-08 15:24:19,ERP,ERP_REPORT_JOB_20,REPORT,SUCCESS,150,,host03
2026-01-11 06:05:19,HRMS,HRMS_BACKUP_JOB_9,BACKUP,SUCCESS,1177,,host03
2026-01-09 04:11:19,Billing,Billing_ETL_JOB_5,ETL,SUCCESS,467,,host01
2026-01-08 03:24:19,Billing,Billing_REPORT_JOB_3,REPORT,SUCCESS,2923,,host02
2026-01-09 03:06:19,ERP,ERP_REPORT_JOB_4,REPORT,SUCCESS,2652,,host02
2026-01-10 06:02:19,ERP,ERP_BACKUP_JOB_19,BACKUP,SUCCESS,1655,,host01
2026-01-09 08:18:19,HRMS,HRMS_ETL_JOB_19,ETL,SUCCESS,2263,,host03
2026-01-09 09:49:19,CRM,CRM_ETL_JOB_8,ETL,FAILED,2371,E330,host01
2026-01-06 03:26:19,CRM,CRM_BACKUP_JOB_4,BACKUP,SUCCESS,1890,,host03
2026-01-08 08:08:19,ERP,ERP_ETL_JOB_1,ETL,SUCCESS,2788,,host03
2026-01-06 08:55:19,ERP,ERP_BACKUP_JOB_4,BACKUP,FAILED,1185,E101,host02
2026-01-05 07:30:19,CRM,CRM_ETL_JOB_12,ETL,FAILED,854,E330,host02
2026-01-07 00:42:19,ERP,ERP_ETL_JOB_17,ETL,SUCCESS,2799,,host02
2026-01-05 16:05:19,ERP,ERP_BACKUP_JOB_4,BACKUP,FAILED,3187,E101,host01
2026-01-07 12:26:19,HRMS,HRMS_ETL_JOB_5,ETL,SUCCESS,2908,,host03
2026-01-08 02:49:19,CRM,CRM_REPORT_JOB_6,REPORT,SUCCESS,3299,,host02
2026-01-06 04:24:19,CRM,CRM_REPORT_JOB_7,REPORT,FAILED,3207,E330,host02
2026-01-06 12:36:19,CRM,CRM_ETL_JOB_8,ETL,SUCCESS,1805,,host01
2026-01-04 11:54:19,CRM,CRM_REPORT_JOB_14,REPORT,SUCCESS,669,,host01
2026-01-10 17:43:19,ERP,ERP_BACKUP_JOB_19,BACKUP,SUCCESS,2289,,host02
2026-01-04 15:47:19,ERP,ERP_ETL_JOB_17,ETL,SUCCESS,1974,,host01
2026-01-05 05:21:19,Billing,Billing_REPORT_JOB_13,REPORT,SUCCESS,159,,host03
2026-01-10 17:45:19,ERP,ERP_ETL_JOB_1,ETL,RUNNING,1782,E330,host02
2026-01-09 08:43:19,HRMS,HRMS_ETL_JOB_1,ETL,SUCCESS,524,,host02
2026-01-05 07:19:19,HRMS,HRMS_REPORT_JOB_20,REPORT,SUCCESS,1785,,host03
2026-01-10 20:10:19,CRM,CRM_BACKUP_JOB_7,BACKUP,SUCCESS,327,,host01
2026-01-07 05:46:19,CRM,CRM_BACKUP_JOB_9,BACKUP,SUCCESS,834,,host03
2026-01-11 03:08:19,ERP,ERP_BACKUP_JOB_17,BACKUP,SUCCESS,761,,host03
2026-01-10 17:34:19,ERP,ERP_BACKUP_JOB_8,BACKUP,SUCCESS,2474,,host03
2026-01-07 19:00:19,ERP,ERP_REPORT_JOB_14,REPORT,SUCCESS,1350,,host03
2026-01-08 08:31:19,Billing,Billing_ETL_JOB_14,ETL,SUCCESS,3335,,host03
2026-01-08 11:46:19,CRM,CRM_ETL_JOB_6,ETL,SUCCESS,31,,host03
2026-01-05 10:50:19,HRMS,HRMS_BACKUP_JOB_8,BACKUP,SUCCESS,1142,,host03
2026-01-04 15:18:19,ERP,ERP_ETL_JOB_6,ETL,SUCCESS,3266,,host03
2026-01-11 09:07:19,CRM,CRM_ETL_JOB_10,ETL,FAILED,2267,E101,host01
2026-01-09 05:04:19,CRM,CRM_REPORT_JOB_12,REPORT,SUCCESS,2135,,host02
2026-01-10 00:41:19,HRMS,HRMS_REPORT_JOB_13,REPORT,SUCCESS,2169,,host02
2026-01-05 14:51:19,CRM,CRM_BACKUP_JOB_14,BACKUP,SUCCESS,1248,,host01
2026-01-04 21:37:19,CRM,CRM_REPORT_JOB_19,REPORT,SUCCESS,124,,host03
2026-01-04 23:57:19,HRMS,HRMS_ETL_JOB_18,ETL,SUCCESS,1820,,host02
2026-01-06 20:49:19,CRM,CRM_ETL_JOB_1,ETL,SUCCESS,1308,,host01
2026-01-10 13:43:19,Billing,Billing_ETL_JOB_13,ETL,RUNNING,1508,E101,host01
2026-01-09 17:56:19,ERP,ERP_REPORT_JOB_19,REPORT,SUCCESS,595,,host03
2026-01-08 23:00:19,CRM,CRM_REPORT_JOB_15,REPORT,SUCCESS,1739,,host02
2026-01-07 08:25:19,CRM,CRM_ETL_JOB_9,ETL,SUCCESS,555,,host02
2026-01-10 19:38:19,ERP,ERP_BACKUP_JOB_1,BACKUP,SUCCESS,1739,,host02
2026-01-04 13:57:19,CRM,CRM_REPORT_JOB_9,REPORT,FAILED,1485,E101,host01
2026-01-08 05:35:19,CRM,CRM_REPORT_JOB_13,REPORT,SUCCESS,1932,,host02
2026-01-09 17:05:19,ERP,ERP_BACKUP_JOB_18,BACKUP,FAILED,1534,E330,host03
2026-01-11 00:05:19,ERP,ERP_REPORT_JOB_18,REPORT,SUCCESS,1688,,host03
2026-01-04 20:28:19,CRM,CRM_ETL_JOB_13,ETL,SUCCESS,2312,,host02
2026-01-07 13:40:19,HRMS,HRMS_ETL_JOB_11,ETL,SUCCESS,1009,,host01
2026-01-09 14:58:19,Billing,Billing_BACKUP_JOB_1,BACKUP,SUCCESS,1733,,host01
2026-01-08 20:10:19,HRMS,HRMS_BACKUP_JOB_2,BACKUP,SUCCESS,3129,,host01
2026-01-08 04:06:19,CRM,CRM_REPORT_JOB_6,REPORT,SUCCESS,1938,,host01
2026-01-07 01:34:19,ERP,ERP_ETL_JOB_2,ETL,SUCCESS,3320,,host02
2026-01-06 22:03:19,CRM,CRM_REPORT_JOB_12,REPORT,RUNNING,2295,E330,host01
2026-01-04 18:22:19,ERP,ERP_REPORT_JOB_18,REPORT,SUCCESS,827,,host01
2026-01-05 19:54:19,Billing,Billing_REPORT_JOB_18,REPORT,SUCCESS,963,,host03
2026-01-08 06:00:19,HRMS,HRMS_BACKUP_JOB_7,BACKUP,SUCCESS,3063,,host03
2026-01-04 22:12:19,ERP,ERP_BACKUP_JOB_17,BACKUP,SUCCESS,2550,,host03
2026-01-04 21:09:19,HRMS,HRMS_ETL_JOB_10,ETL,SUCCESS,2652,,host01
2026-01-10 10:10:19,CRM,CRM_REPORT_JOB_7,REPORT,SUCCESS,962,,host03
2026-01-11 05:24:19,HRMS,HRMS_ETL_JOB_2,ETL,SUCCESS,1557,,host01
2026-01-06 00:09:19,CRM,CRM_BACKUP_JOB_2,BACKUP,SUCCESS,2670,,host03
2026-01-07 02:55:19,HRMS,HRMS_BACKUP_JOB_20,BACKUP,SUCCESS,541,,host02
2026-01-09 04:03:19,ERP,ERP_REPORT_JOB_8,REPORT,SUCCESS,2171,,host01
2026-01-06 13:14:19,HRMS,HRMS_ETL_JOB_1,ETL,SUCCESS,2206,,host03
2026-01-08 05:44:19,ERP,ERP_BACKUP_JOB_8,BACKUP,SUCCESS,938,,host01
2026-01-05 12:12:19,CRM,CRM_ETL_JOB_14,ETL,SUCCESS,3067,,host03
2026-01-07 13:20:19,ERP,ERP_ETL_JOB_16,ETL,SUCCESS,678,,host03
2026-01-06 11:54:19,HRMS,HRMS_BACKUP_JOB_12,BACKUP,SUCCESS,1386,,host03
2026-01-09 04:39:19,ERP,ERP_ETL_JOB_9,ETL,SUCCESS,364,,host02
2026-01-05 19:02:19,Billing,Billing_BACKUP_JOB_2,BACKUP,FAILED,2789,E330,host03
2026-01-09 02:39:19,ERP,ERP_REPORT_JOB_5,REPORT,SUCCESS,1632,,host03
2026-01-06 02:42:19,ERP,ERP_BACKUP_JOB_17,BACKUP,SUCCESS,1560,,host01
2026-01-08 02:04:19,Billing,Billing_ETL_JOB_19,ETL,SUCCESS,1373,,host01
2026-01-07 10:31:19,ERP,ERP_BACKUP_JOB_1,BACKUP,SUCCESS,3201,,host03
2026-01-06 19:38:19,Billing,Billing_REPORT_JOB_16,REPORT,FAILED,1454,E101,host03
2026-01-05 10:39:19,ERP,ERP_REPORT_JOB_19,REPORT,FAILED,1101,E205,host02
2026-01-09 16:45:19,CRM,CRM_REPORT_JOB_4,REPORT,SUCCESS,2279,,host01
2026-01-10 11:46:19,CRM,CRM_REPORT_JOB_19,REPORT,SUCCESS,933,,host03
2026-01-11 04:36:19,HRMS,HRMS_ETL_JOB_3,ETL,SUCCESS,1694,,host01
2026-01-04 17:43:19,CRM,CRM_ETL_JOB_3,ETL,SUCCESS,2212,,host02
2026-01-07 04:18:19,ERP,ERP_BACKUP_JOB_8,BACKUP,FAILED,3150,E330,host01
2026-01-05 18:21:19,HRMS,HRMS_REPORT_JOB_11,REPORT,SUCCESS,1057,,host03
2026-01-08 03:24:19,Billing,Billing_BACKUP_JOB_20,BACKUP,SUCCESS,2280,,host03
2026-01-08 16:57:19,Billing,Billing_BACKUP_JOB_10,BACKUP,SUCCESS,3416,,host01
2026-01-09 22:01:19,Billing,Billing_REPORT_JOB_17,REPORT,SUCCESS,2539,,host01
2026-01-10 17:16:19,Billing,Billing_REPORT_JOB_16,REPORT,SUCCESS,3446,,host02
2026-01-06 04:21:19,Billing,Billing_ETL_JOB_15,ETL,FAILED,2850,E205,host03
2026-01-08 03:41:19,Billing,Billing_ETL_JOB_6,ETL,SUCCESS,60,,host03
2026-01-05 02:44:19,Billing,Billing_REPORT_JOB_7,REPORT,SUCCESS,2519,,host01
2026-01-08 05:08:19,Billing,Billing_BACKUP_JOB_12,BACKUP,FAILED,1863,E205,host02
2026-01-05 03:42:19,ERP,ERP_ETL_JOB_7,ETL,SUCCESS,580,,host02
2026-01-06 14:44:19,CRM,CRM_REPORT_JOB_18,REPORT,SUCCESS,532,,host03
2026-01-04 17:02:19,HRMS,HRMS_REPORT_JOB_9,REPORT,SUCCESS,1030,,host01
2026-01-05 11:53:19,CRM,CRM_ETL_JOB_13,ETL,SUCCESS,1165,,host02
2026-01-07 17:00:19,ERP,ERP_ETL_JOB_5,ETL,RUNNING,2738,E205,host01
2026-01-07 16:06:19,HRMS,HRMS_REPORT_JOB_12,REPORT,SUCCESS,1293,,host03
2026-01-09 23:13:19,ERP,ERP_ETL_JOB_3,ETL,SUCCESS,2052,,host01
2026-01-05 19:20:19,Billing,Billing_REPORT_JOB_18,REPORT,SUCCESS,2514,,host03
2026-01-10 00:46:19,Billing,Billing_REPORT_JOB_16,REPORT,SUCCESS,2894,,host03
2026-01-08 10:19:19,Billing,Billing_REPORT_JOB_15,REPORT,SUCCESS,2869,,host01
2026-01-06 22:54:19,HRMS,HRMS_BACKUP_JOB_16,BACKUP,FAILED,1265,E101,host01
2026-01-09 21:26:19,Billing,Billing_ETL_JOB_3,ETL,SUCCESS,2678,,host01
2026-01-10 13:20:19,CRM,CRM_BACKUP_JOB_14,BACKUP,RUNNING,837,E101,host03
2026-01-07 19:10:19,HRMS,HRMS_ETL_JOB_18,ETL,SUCCESS,1586,,host01
2026-01-05 00:30:19,CRM,CRM_ETL_JOB_2,ETL,SUCCESS,331,,host01
2026-01-10 04:03:19,CRM,CRM_ETL_JOB_10,ETL,SUCCESS,1474,,host02
2026-01-08 00:38:19,ERP,ERP_ETL_JOB_4,ETL,SUCCESS,303,,host03
2026-01-08 06:18:19,HRMS,HRMS_ETL_JOB_16,ETL,SUCCESS,1415,,host03
2026-01-11 02:30:19,Billing,Billing_BACKUP_JOB_13,BACKUP,SUCCESS,222,,host03
2026-01-06 16:50:19,CRM,CRM_ETL_JOB_1,ETL,SUCCESS,3106,,host03
2026-01-11 09:09:19,ERP,ERP_BACKUP_JOB_15,BACKUP,SUCCESS,3144,,host01
2026-01-06 07:15:19,Billing,Billing_ETL_JOB_6,ETL,SUCCESS,1834,,host02
2026-01-06 03:25:19,ERP,ERP_REPORT_JOB_6,REPORT,SUCCESS,1062,,host01
2026-01-05 22:48:19,HRMS,HRMS_REPORT_JOB_12,REPORT,SUCCESS,2184,,host03
2026-01-08 17:23:19,ERP,ERP_ETL_JOB_19,ETL,FAILED,3050,E330,host02
2026-01-06 21:40:19,Billing,Billing_ETL_JOB_11,ETL,SUCCESS,3266,,host01
2026-01-08 13:32:19,Billing,Billing_REPORT_JOB_17,REPORT,SUCCESS,1589,,host02
2026-01-11 03:41:19,ERP,ERP_REPORT_JOB_17,REPORT,SUCCESS,1325,,host01
2026-01-04 14:40:19,HRMS,HRMS_REPORT_JOB_1,REPORT,FAILED,1126,E330,host02
2026-01-05 19:59:19,Billing,Billing_REPORT_JOB_14,REPORT,SUCCESS,389,,host01
2026-01-08 05:19:19,Billing,Billing_ETL_JOB_8,ETL,SUCCESS,352,,host03
2026-01-05 02:35:19,HRMS,HRMS_BACKUP_JOB_5,BACKUP,SUCCESS,3302,,host01
2026-01-06 12:41:19,HRMS,HRMS_REPORT_JOB_16,REPORT,SUCCESS,3337,,host01
2026-01-08 10:51:19,ERP,ERP_ETL_JOB_3,ETL,SUCCESS,1571,,host03
2026-01-10 14:43:19,HRMS,HRMS_BACKUP_JOB_16,BACKUP,FAILED,2656,E205,host02
2026-01-06 17:56:19,HRMS,HRMS_ETL_JOB_14,ETL,RUNNING,1703,E101,host01
2026-01-08 00:15:19,HRMS,HRMS_REPORT_JOB_1,REPORT,SUCCESS,2434,,host01
2026-01-11 02:41:19,ERP,ERP_ETL_JOB_14,ETL,SUCCESS,1969,,host03
2026-01-10 20:09:19,ERP,ERP_ETL_JOB_13,ETL,SUCCESS,3351,,host01
2026-01-09 01:36:19,ERP,ERP_BACKUP_JOB_11,BACKUP,SUCCESS,2783,,host03
2026-01-10 10:32:19,Billing,Billing_REPORT_JOB_8,REPORT,SUCCESS,2789,,host02
2026-01-07 22:38:19,Billing,Billing_ETL_JOB_13,ETL,SUCCESS,2858,,host03
2026-01-07 20:54:19,ERP,ERP_REPORT_JOB_5,REPORT,SUCCESS,1909,,host02
2026-01-08 00:03:19,HRMS,HRMS_ETL_JOB_1,ETL,SUCCESS,692,,host02
2026-01-09 17:57:19,HRMS,HRMS_BACKUP_JOB_6,BACKUP,SUCCESS,602,,host01
2026-01-08 13:44:19,Billing,Billing_BACKUP_JOB_3,BACKUP,SUCCESS,3234,,host01
2026-01-08 01:00:19,CRM,CRM_BACKUP_JOB_16,BACKUP,SUCCESS,761,,host02
2026-01-09 06:41:19,HRMS,HRMS_REPORT_JOB_2,REPORT,SUCCESS,3136,,host03
2026-01-10 02:29:19,HRMS,HRMS_REPORT_JOB_11,REPORT,SUCCESS,3163,,host01
2026-01-05 05:26:19,Billing,Billing_BACKUP_JOB_15,BACKUP,FAILED,3312,E330,host03
2026-01-09 01:01:19,CRM,CRM_REPORT_JOB_19,REPORT,RUNNING,1150,E101,host01
2026-01-09 19:52:19,CRM,CRM_REPORT_JOB_12,REPORT,SUCCESS,1650,,host02
2026-01-09 08:56:19,Billing,Billing_ETL_JOB_5,ETL,SUCCESS,1475,,host01
2026-01-04 23:33:19,CRM,CRM_BACKUP_JOB_2,BACKUP,SUCCESS,3077,,host03
2026-01-06 00:14:19,CRM,CRM_ETL_JOB_14,ETL,SUCCESS,1988,,host01
2026-01-06 20:19:19,ERP,ERP_BACKUP_JOB_1,BACKUP,SUCCESS,1668,,host01
2026-01-06 19:23:19,HRMS,HRMS_BACKUP_JOB_5,BACKUP,SUCCESS,1340,,host03
2026-01-06 19:18:19,HRMS,HRMS_REPORT_JOB_10,REPORT,SUCCESS,532,,host02
2026-01-07 01:50:19,HRMS,HRMS_ETL_JOB_18,ETL,SUCCESS,2077,,host01
2026-01-07 14:12:19,ERP,ERP_BACKUP_JOB_7,BACKUP,SUCCESS,3246,,host01
2026-01-10 15:42:19,CRM,CRM_BACKUP_JOB_17,BACKUP,SUCCESS,2005,,host01
2026-01-10 19:19:19,HRMS,HRMS_BACKUP_JOB_19,BACKUP,SUCCESS,3171,,host03
2026-01-08 05:45:19,ERP,ERP_BACKUP_JOB_18,BACKUP,SUCCESS,463,,host01
2026-01-08 07:27:19,ERP,ERP_ETL_JOB_2,ETL,SUCCESS,704,,host02
2026-01-11 09:49:19,CRM,CRM_ETL_JOB_7,ETL,RUNNING,1995,E330,host01
2026-01-04 13:34:19,Billing,Billing_BACKUP_JOB_5,BACKUP,SUCCESS,1854,,host02
2026-01-10 05:28:19,ERP,ERP_ETL_JOB_14,ETL,FAILED,1279,E101,host03
2026-01-05 18:28:19,ERP,ERP_REPORT_JOB_18,REPORT,RUNNING,826,E330,host02
2026-01-08 12:24:19,HRMS,HRMS_ETL_JOB_2,ETL,SUCCESS,2118,,host02
2026-01-10 02:06:19,HRMS,HRMS_ETL_JOB_19,ETL,SUCCESS,2720,,host01
2026-01-07 17:09:19,CRM,CRM_BACKUP_JOB_3,BACKUP,SUCCESS,1685,,host02
2026-01-05 01:49:19,ERP,ERP_REPORT_JOB_3,REPORT,SUCCESS,761,,host03
2026-01-04 11:03:19,Billing,Billing_REPORT_JOB_4,REPORT,FAILED,1993,E330,host03
2026-01-08 21:42:19,ERP,ERP_ETL_JOB_20,ETL,SUCCESS,570,,host02
2026-01-05 17:27:19,ERP,ERP_BACKUP_JOB_2,BACKUP,SUCCESS,2662,,host03
2026-01-09 21:22:19,Billing,Billing_ETL_JOB_3,ETL,FAILED,304,E330,host02
2026-01-11 07:01:19,ERP,ERP_REPORT_JOB_2,REPORT,SUCCESS,1901,,host01
2026-01-11 06:17:19,ERP,ERP_ETL_JOB_15,ETL,SUCCESS,1662,,host01
2026-01-11 07:11:19,CRM,CRM_ETL_JOB_18,ETL,SUCCESS,1000,,host02
2026-01-09 12:42:19,Billing,Billing_ETL_JOB_8,ETL,SUCCESS,3142,,host02
2026-01-10 13:39:19,HRMS,HRMS_REPORT_JOB_10,REPORT,FAILED,3175,E101,host03
2026-01-08 03:32:19,HRMS,HRMS_ETL_JOB_6,ETL,SUCCESS,2531,,host02
2026-01-08 10:11:19,HRMS,HRMS_REPORT_JOB_18,REPORT,SUCCESS,2172,,host03
2026-01-09 09:09:19,ERP,ERP_ETL_JOB_18,ETL,SUCCESS,1676,,host02
2026-01-08 23:26:19,ERP,ERP_BACKUP_JOB_8,BACKUP,SUCCESS,2178,,host01
2026-01-10 14:48:19,CRM,CRM_BACKUP_JOB_3,BACKUP,SUCCESS,2181,,host03
2026-01-07 07:08:19,HRMS,HRMS_REPORT_JOB_2,REPORT,SUCCESS,1610,,host02
2026-01-05 10:10:19,ERP,ERP_BACKUP_JOB_14,BACKUP,SUCCESS,308,,host02
2026-01-04 23:50:19,CRM,CRM_REPORT_JOB_11,REPORT,FAILED,706,E330,host02
2026-01-08 07:11:19,HRMS,HRMS_BACKUP_JOB_10,BACKUP,SUCCESS,1746,,host02
2026-01-06 12:14:19,HRMS,HRMS_ETL_JOB_17,ETL,SUCCESS,470,,host01
2026-01-10 06:21:19,Billing,Billing_REPORT_JOB_13,REPORT,SUCCESS,3472,,host01
2026-01-07 21:13:19,ERP,ERP_BACKUP_JOB_7,BACKUP,SUCCESS,1941,,host03
2026-01-08 00:57:19,Billing,Billing_BACKUP_JOB_2,BACKUP,FAILED,2622,E330,host01
2026-01-10 02:17:19,Billing,Billing_BACKUP_JOB_5,BACKUP,FAILED,2804,E205,host02
2026-01-06 08:31:19,Billing,Billing_REPORT_JOB_6,REPORT,SUCCESS,832,,host02
2026-01-09 09:23:19,Billing,Billing_ETL_JOB_16,ETL,SUCCESS,411,,host03
2026-01-06 15:51:19,ERP,ERP_BACKUP_JOB_1,BACKUP,SUCCESS,3159,,host03
2026-01-10 07:45:19,HRMS,HRMS_ETL_JOB_8,ETL,SUCCESS,3290,,host03
2026-01-10 17:58:19,Billing,Billing_BACKUP_JOB_9,BACKUP,SUCCESS,2740,,host01
2026-01-06 18:56:19,Billing,Billing_BACKUP_JOB_12,BACKUP,RUNNING,1928,E205,host03
2026-01-10 22:28:19,CRM,CRM_ETL_JOB_16,ETL,SUCCESS,3035,,host01
2026-01-04 23:43:19,CRM,CRM_ETL_JOB_13,ETL,SUCCESS,2350,,host02
2026-01-10 00:52:19,ERP,ERP_REPORT_JOB_14,REPORT,SUCCESS,3423,,host03
2026-01-09 19:05:19,HRMS,HRMS_REPORT_JOB_10,REPORT,SUCCESS,3551,,host03
2026-01-04 13:00:19,CRM,CRM_BACKUP_JOB_15,BACKUP,SUCCESS,2051,,host01
2026-01-08 07:41:19,Billing,Billing_BACKUP_JOB_17,BACKUP,SUCCESS,2962,,host03
2026-01-11 01:54:19,Billing,Billing_ETL_JOB_19,ETL,SUCCESS,219,,host02
2026-01-10 09:27:19,ERP,ERP_ETL_JOB_5,ETL,SUCCESS,2845,,host01
2026-01-06 13:29:19,CRM,CRM_REPORT_JOB_5,REPORT,SUCCESS,3174,,host03
2026-01-04 16:08:19,CRM,CRM_BACKUP_JOB_8,BACKUP,SUCCESS,2479,,host02
2026-01-11 00:39:19,Billing,Billing_REPORT_JOB_1,REPORT,FAILED,2847,E101,host02
2026-01-07 20:22:19,ERP,ERP_ETL_JOB_1,ETL,SUCCESS,2104,,host03
2026-01-07 01:13:19,ERP,ERP_ETL_JOB_3,ETL,FAILED,3318,E330,host03
2026-01-08 09:36:19,ERP,ERP_BACKUP_JOB_13,BACKUP,SUCCESS,1532,,host02
2026-01-06 13:47:19,HRMS,HRMS_REPORT_JOB_11,REPORT,SUCCESS,692,,host01
2026-01-04 21:14:19,Billing,Billing_ETL_JOB_19,ETL,RUNNING,584,E330,host03
2026-01-04 23:50:19,HRMS,HRMS_BACKUP_JOB_1,BACKUP,SUCCESS,1475,,host03
2026-01-09 08:36:19,CRM,CRM_BACKUP_JOB_11,BACKUP,SUCCESS,1011,,host01
2026-01-09 00:33:19,HRMS,HRMS_ETL_JOB_9,ETL,SUCCESS,1678,,host03
2026-01-04 16:00:19,Billing,Billing_REPORT_JOB_6,REPORT,SUCCESS,36,,host01
2026-01-04 13:15:19,CRM,CRM_BACKUP_JOB_11,BACKUP,FAILED,1410,E205,host01
2026-01-10 07:47:19,ERP,ERP_BACKUP_JOB_7,BACKUP,SUCCESS,3376,,host03
2026-01-07 08:45:19,ERP,ERP_REPORT_JOB_14,REPORT,SUCCESS,465,,host03
2026-01-04 16:41:19,CRM,CRM_REPORT_JOB_14,REPORT,SUCCESS,1895,,host02
2026-01-06 22:51:19,CRM,CRM_BACKUP_JOB_1,BACKUP,SUCCESS,70,,host03
2026-01-10 13:20:19,ERP,ERP_REPORT_JOB_15,REPORT,SUCCESS,619,,host03
2026-01-09 06:14:19,ERP,ERP_REPORT_JOB_12,REPORT,FAILED,1886,E330,host02
2026-01-04 12:26:19,ERP,ERP_REPORT_JOB_1,REPORT,SUCCESS,1504,,host02
2026-01-09 21:32:19,HRMS,HRMS_BACKUP_JOB_20,BACKUP,FAILED,1815,E101,host03
2026-01-10 04:39:19,HRMS,HRMS_BACKUP_JOB_1,BACKUP,SUCCESS,3294,,host02
2026-01-07 07:24:19,CRM,CRM_REPORT_JOB_9,REPORT,FAILED,1471,E330,host03
2026-01-06 07:38:19,CRM,CRM_BACKUP_JOB_2,BACKUP,FAILED,2404,E101,host02
2026-01-06 14:27:19,CRM,CRM_REPORT_JOB_16,REPORT,SUCCESS,422,,host02
2026-01-07 05:49:19,Billing,Billing_BACKUP_JOB_18,BACKUP,SUCCESS,1390,,host02
2026-01-10 02:20:19,CRM,CRM_BACKUP_JOB_12,BACKUP,SUCCESS,902,,host02
2026-01-06 15:23:19,Billing,Billing_REPORT_JOB_8,REPORT,RUNNING,1313,E101,host02
2026-01-06 18:49:19,HRMS,HRMS_REPORT_JOB_4,REPORT,SUCCESS,2436,,host03
2026-01-04 21:00:19,Billing,Billing_BACKUP_JOB_9,BACKUP,SUCCESS,884,,host02
2026-01-07 09:58:19,CRM,CRM_BACKUP_JOB_3,BACKUP,FAILED,2063,E330,host01
2026-01-05 20:07:19,HRMS,HRMS_BACKUP_JOB_12,BACKUP,SUCCESS,2870,,host01
2026-01-10 08:16:19,CRM,CRM_REPORT_JOB_16,REPORT,SUCCESS,1009,,host01
2026-01-07 19:55:19,Billing,Billing_REPORT_JOB_15,REPORT,SUCCESS,622,,host02
2026-01-06 22:24:19,Billing,Billing_ETL_JOB_1,ETL,SUCCESS,916,,host03
2026-01-10 01:41:19,Billing,Billing_BACKUP_JOB_2,BACKUP,SUCCESS,2581,,host03
2026-01-06 20:07:19,HRMS,HRMS_BACKUP_JOB_14,BACKUP,SUCCESS,645,,host03
2026-01-10 16:23:19,HRMS,HRMS_REPORT_JOB_20,REPORT,SUCCESS,1270,,host03
2026-01-07 04:42:19,Billing,Billing_BACKUP_JOB_2,BACKUP,SUCCESS,2895,,host03
2026-01-07 02:34:19,CRM,CRM_ETL_JOB_20,ETL,SUCCESS,2998,,host01
2026-01-06 10:48:19,Billing,Billing_BACKUP_JOB_3,BACKUP,RUNNING,3485,E205,host03
2026-01-10 22:01:19,Billing,Billing_ETL_JOB_7,ETL,SUCCESS,2611,,host01
2026-01-05 16:21:19,ERP,ERP_REPORT_JOB_19,REPORT,SUCCESS,1009,,host03
2026-01-09 03:16:19,HRMS,HRMS_ETL_JOB_11,ETL,SUCCESS,548,,host03
2026-01-05 14:22:19,HRMS,HRMS_ETL_JOB_14,ETL,SUCCESS,1070,,host01
2026-01-06 09:49:19,Billing,Billing_REPORT_JOB_19,REPORT,FAILED,542,E330,host03
2026-01-06 12:50:19,Billing,Billing_ETL_JOB_8,ETL,SUCCESS,739,,host03
2026-01-10 16:06:19,CRM,CRM_BACKUP_JOB_6,BACKUP,SUCCESS,2660,,host01
2026-01-09 03:49:19,ERP,ERP_ETL_JOB_16,ETL,SUCCESS,3042,,host03
2026-01-09 13:31:19,HRMS,HRMS_ETL_JOB_10,ETL,SUCCESS,1953,,host01
2026-01-05 07:24:19,HRMS,HRMS_REPORT_JOB_1,REPORT,RUNNING,2694,E330,host01
2026-01-07 09:48:19,Billing,Billing_BACKUP_JOB_4,BACKUP,SUCCESS,1432,,host02
2026-01-10 20:36:19,CRM,CRM_REPORT_JOB_5,REPORT,RUNNING,692,E205,host02
2026-01-09 00:44:19,Billing,Billing_BACKUP_JOB_1,BACKUP,SUCCESS,1372,,host01
2026-01-10 09:31:19,HRMS,HRMS_REPORT_JOB_14,REPORT,SUCCESS,2186,,host01
2026-01-11 10:04:19,Billing,Billing_REPORT_JOB_15,REPORT,SUCCESS,3342,,host01
2026-01-07 20:44:19,Billing,Billing_BACKUP_JOB_2,BACKUP,SUCCESS,2456,,host01
2026-01-08 04:05:19,ERP,ERP_BACKUP_JOB_10,BACKUP,SUCCESS,1602,,host01
2026-01-05 04:23:19,CRM,CRM_REPORT_JOB_8,REPORT,SUCCESS,498,,host02
2026-01-04 18:55:19,CRM,CRM_BACKUP_JOB_9,BACKUP,RUNNING,1561,E205,host01
2026-01-04 12:50:19,CRM,CRM_BACKUP_JOB_6,BACKUP,SUCCESS,2441,,host03
2026-01-06 10:06:19,CRM,CRM_ETL_JOB_17,ETL,FAILED,2706,E205,host03
2026-01-06 03:48:19,ERP,ERP_ETL_JOB_2,ETL,SUCCESS,1764,,host03
2026-01-10 00:18:19,HRMS,HRMS_REPORT_JOB_13,REPORT,SUCCESS,1086,,host01
2026-01-04 22:52:19,CRM,CRM_REPORT_JOB_20,REPORT,SUCCESS,3539,,host03
2026-01-04 13:18:19,Billing,Billing_BACKUP_JOB_13,BACKUP,FAILED,2666,E205,host01
2026-01-08 04:21:19,Billing,Billing_ETL_JOB_5,ETL,SUCCESS,1597,,host03
2026-01-08 01:09:19,CRM,CRM_BACKUP_JOB_2,BACKUP,SUCCESS,1474,,host01
2026-01-07 23:21:19,ERP,ERP_BACKUP_JOB_13,BACKUP,SUCCESS,1840,,host03
2026-01-06 01:11:19,CRM,CRM_REPORT_JOB_3,REPORT,SUCCESS,3574,,host03
2026-01-09 18:20:19,CRM,CRM_BACKUP_JOB_8,BACKUP,SUCCESS,3401,,host03
2026-01-06 15:10:19,ERP,ERP_BACKUP_JOB_10,BACKUP,RUNNING,3080,E330,host01
2026-01-08 06:41:19,HRMS,HRMS_BACKUP_JOB_18,BACKUP,SUCCESS,3252,,host02
2026-01-11 10:01:19,Billing,Billing_REPORT_JOB_3,REPORT,FAILED,2252,E205,host03
2026-01-04 20:10:19,HRMS,HRMS_BACKUP_JOB_16,BACKUP,FAILED,2285,E330,host01
2026-01-05 09:48:19,CRM,CRM_BACKUP_JOB_1,BACKUP,RUNNING,1036,E330,host03
2026-01-09 18:30:19,ERP,ERP_ETL_JOB_6,ETL,SUCCESS,3557,,host03
2026-01-08 08:23:19,CRM,CRM_BACKUP_JOB_18,BACKUP,FAILED,1219,E330,host02
2026-01-10 02:52:19,Billing,Billing_BACKUP_JOB_18,BACKUP,SUCCESS,1053,,host02
2026-01-04 23:20:19,HRMS,HRMS_REPORT_JOB_2,REPORT,SUCCESS,3064,,host02
2026-01-09 15:50:19,Billing,Billing_BACKUP_JOB_12,BACKUP,FAILED,2490,E205,host03
2026-01-09 19:01:19,ERP,ERP_BACKUP_JOB_6,BACKUP,SUCCESS,378,,host03
2026-01-07 16:05:19,ERP,ERP_ETL_JOB_20,ETL,SUCCESS,244,,host02
2026-01-09 23:01:19,CRM,CRM_REPORT_JOB_20,REPORT,SUCCESS,1053,,host02
2026-01-05 15:10:19,HRMS,HRMS_REPORT_JOB_8,REPORT,SUCCESS,1182,,host02
2026-01-08 16:25:19,HRMS,HRMS_BACKUP_JOB_10,BACKUP,FAILED,777,E205,host03
2026-01-08 04:21:19,CRM,CRM_ETL_JOB_18,ETL,SUCCESS,252,,host01
2026-01-11 08:19:19,ERP,ERP_ETL_JOB_18,ETL,SUCCESS,3449,,host03
2026-01-09 12:23:19,HRMS,HRMS_REPORT_JOB_17,REPORT,SUCCESS,2629,,host03
2026-01-06 12:29:19,CRM,CRM_ETL_JOB_5,ETL,SUCCESS,1189,,host02
2026-01-09 16:44:19,Billing,Billing_ETL_JOB_14,ETL,SUCCESS,920,,host01
2026-01-04 11:40:19,HRMS,HRMS_BACKUP_JOB_10,BACKUP,SUCCESS,568,,host01
2026-01-08 05:13:19,CRM,CRM_REPORT_JOB_10,REPORT,FAILED,2696,E101,host03
2026-01-08 07:02:19,CRM,CRM_ETL_JOB_12,ETL,SUCCESS,1646,,host01
2026-01-08 15:29:19,Billing,Billing_BACKUP_JOB_6,BACKUP,SUCCESS,1305,,host01
2026-01-08 06:02:19,HRMS,HRMS_ETL_JOB_7,ETL,SUCCESS,200,,host01
2026-01-09 08:08:19,HRMS,HRMS_ETL_JOB_20,ETL,SUCCESS,2886,,host02
2026-01-10 01:00:19,HRMS,HRMS_BACKUP_JOB_4,BACKUP,SUCCESS,2989,,host03
2026-01-05 10:39:19,CRM,CRM_ETL_JOB_13,ETL,SUCCESS,178,,host03
2026-01-10 04:10:19,ERP,ERP_BACKUP_JOB_5,BACKUP,SUCCESS,1994,,host03
2026-01-09 13:18:19,Billing,Billing_ETL_JOB_1,ETL,SUCCESS,748,,host02
2026-01-09 19:27:19,CRM,CRM_ETL_JOB_5,ETL,SUCCESS,2651,,host03
2026-01-04 19:06:19,HRMS,HRMS_REPORT_JOB_11,REPORT,FAILED,3528,E205,host01
2026-01-09 10:09:19,CRM,CRM_ETL_JOB_16,ETL,SUCCESS,2959,,host02
2026-01-05 10:44:19,ERP,ERP_BACKUP_JOB_17,BACKUP,SUCCESS,1796,,host03
2026-01-11 03:10:19,CRM,CRM_REPORT_JOB_13,REPORT,SUCCESS,2739,,host02
2026-01-04 15:25:19,ERP,ERP_ETL_JOB_15,ETL,RUNNING,2644,E205,host03
2026-01-10 01:34:19,ERP,ERP_REPORT_JOB_5,REPORT,SUCCESS,2054,,host01
2026-01-11 02:11:19,ERP,ERP_BACKUP_JOB_5,BACKUP,FAILED,1279,E205,host02
2026-01-09 22:20:19,HRMS,HRMS_ETL_JOB_16,ETL,SUCCESS,374,,host03
2026-01-09 01:57:19,HRMS,HRMS_ETL_JOB_11,ETL,SUCCESS,103,,host01
2026-01-10 15:23:19,Billing,Billing_BACKUP_JOB_12,BACKUP,FAILED,502,E330,host02
2026-01-06 11:37:19,Billing,Billing_BACKUP_JOB_14,BACKUP,SUCCESS,2985,,host02
2026-01-06 10:36:19,Billing,Billing_BACKUP_JOB_20,BACKUP,SUCCESS,1288,,host03
2026-01-05 04:13:19,HRMS,HRMS_REPORT_JOB_18,REPORT,SUCCESS,379,,host03
2026-01-08 21:51:19,CRM,CRM_REPORT_JOB_4,REPORT,SUCCESS,3571,,host01
2026-01-09 05:37:19,CRM,CRM_REPORT_JOB_15,REPORT,SUCCESS,1890,,host03
2026-01-07 23:57:19,CRM,CRM_REPORT_JOB_16,REPORT,SUCCESS,3272,,host01
2026-01-06 05:08:19,ERP,ERP_REPORT_JOB_15,REPORT,SUCCESS,1157,,host03
2026-01-05 17:16:19,Billing,Billing_ETL_JOB_13,ETL,SUCCESS,2869,,host02
2026-01-04 14:41:19,Billing,Billing_BACKUP_JOB_9,BACKUP,SUCCESS,2645,,host02
2026-01-10 03:59:19,Billing,Billing_ETL_JOB_13,ETL,SUCCESS,412,,host02
2026-01-10 04:30:19,CRM,CRM_REPORT_JOB_8,REPORT,SUCCESS,3471,,host03
2026-01-11 05:31:19,HRMS,HRMS_REPORT_JOB_3,REPORT,FAILED,1262,E330,host03
2026-01-07 05:42:19,HRMS,HRMS_ETL_JOB_13,ETL,SUCCESS,2181,,host01
2026-01-05 12:39:19,Billing,Billing_ETL_JOB_15,ETL,FAILED,1608,E205,host02
2026-01-04 20:08:19,HRMS,HRMS_ETL_JOB_19,ETL,SUCCESS,1448,,host02
2026-01-11 04:41:19,HRMS,HRMS_BACKUP_JOB_5,BACKUP,SUCCESS,166,,host02
2026-01-09 08:06:19,ERP,ERP_REPORT_JOB_7,REPORT,SUCCESS,3576,,host01
2026-01-10 10:01:19,Billing,Billing_REPORT_JOB_12,REPORT,SUCCESS,1945,,host02
2026-01-07 15:36:19,Billing,Billing_BACKUP_JOB_18,BACKUP,SUCCESS,865,,host01
2026-01-07 19:07:19,HRMS,HRMS_REPORT_JOB_14,REPORT,SUCCESS,217,,host01
2026-01-04 17:43:19,Billing,Billing_BACKUP_JOB_1,BACKUP,SUCCESS,2132,,host03
2026-01-07 13:42:19,ERP,ERP_ETL_JOB_13,ETL,SUCCESS,1272,,host03
2026-01-06 18:00:19,CRM,CRM_ETL_JOB_5,ETL,SUCCESS,3432,,host01
2026-01-10 20:34:19,CRM,CRM_ETL_JOB_14,ETL,SUCCESS,224,,host02
2026-01-06 15:53:19,ERP,ERP_ETL_JOB_11,ETL,SUCCESS,1656,,host01
2026-01-05 12:55:19,Billing,Billing_BACKUP_JOB_10,BACKUP,SUCCESS,1174,,host02
2026-01-05 08:24:19,CRM,CRM_ETL_JOB_9,ETL,FAILED,1299,E101,host03
2026-01-05 01:30:19,Billing,Billing_BACKUP_JOB_2,BACKUP,SUCCESS,3280,,host03
2026-01-07 00:05:19,CRM,CRM_ETL_JOB_6,ETL,SUCCESS,3324,,host02
2026-01-09 08:06:19,HRMS,HRMS_ETL_JOB_10,ETL,FAILED,1130,E205,host03
2026-01-04 14:20:19,Billing,Billing_ETL_JOB_16,ETL,SUCCESS,2318,,host03
2026-01-06 12:36:19,Billing,Billing_ETL_JOB_2,ETL,SUCCESS,122,,host02
2026-01-11 04:34:19,HRMS,HRMS_ETL_JOB_18,ETL,SUCCESS,159,,host01
2026-01-06 07:27:19,CRM,CRM_BACKUP_JOB_20,BACKUP,SUCCESS,2654,,host01
2026-01-10 11:40:19,HRMS,HRMS_ETL_JOB_9,ETL,SUCCESS,2144,,host02
2026-01-06 02:13:19,HRMS,HRMS_ETL_JOB_5,ETL,SUCCESS,1272,,host03
2026-01-09 03:09:19,Billing,Billing_ETL_JOB_1,ETL,SUCCESS,1672,,host03
2026-01-06 02:20:19,CRM,CRM_ETL_JOB_2,ETL,SUCCESS,169,,host03
2026-01-07 01:46:19,ERP,ERP_REPORT_JOB_8,REPORT,SUCCESS,623,,host02
2026-01-09 10:40:19,Billing,Billing_ETL_JOB_1,ETL,SUCCESS,1408,,host02
2026-01-07 05:38:19,ERP,ERP_REPORT_JOB_2,REPORT,SUCCESS,1903,,host03
2026-01-08 10:30:19,CRM,CRM_BACKUP_JOB_1,BACKUP,FAILED,2044,E101,host03
2026-01-04 12:04:19,HRMS,HRMS_BACKUP_JOB_2,BACKUP,SUCCESS,438,,host02
2026-01-09 20:35:19,HRMS,HRMS_ETL_JOB_9,ETL,SUCCESS,2157,,host02
2026-01-07 22:30:19,CRM,CRM_REPORT_JOB_13,REPORT,FAILED,2498,E330,host01
2026-01-06 20:22:19,Billing,Billing_ETL_JOB_10,ETL,SUCCESS,1044,,host02
2026-01-05 09:07:19,HRMS,HRMS_REPORT_JOB_3,REPORT,SUCCESS,1536,,host02
2026-01-10 11:49:19,CRM,CRM_ETL_JOB_14,ETL,SUCCESS,2891,,host01
2026-01-10 06:17:19,Billing,Billing_BACKUP_JOB_8,BACKUP,SUCCESS,3194,,host01
2026-01-10 18:16:19,Billing,Billing_BACKUP_JOB_7,BACKUP,SUCCESS,2817,,host03
2026-01-10 09:42:19,Billing,Billing_ETL_JOB_7,ETL,SUCCESS,3316,,host01
2026-01-05 21:16:19,HRMS,HRMS_BACKUP_JOB_6,BACKUP,FAILED,2733,E330,host03
2026-01-05 11:12:19,ERP,ERP_ETL_JOB_16,ETL,SUCCESS,398,,host03
2026-01-05 19:18:19,CRM,CRM_REPORT_JOB_10,REPORT,SUCCESS,2333,,host02
2026-01-06 19:10:19,ERP,ERP_BACKUP_JOB_15,BACKUP,SUCCESS,995,,host02
2026-01-10 21:47:19,CRM,CRM_REPORT_JOB_16,REPORT,SUCCESS,913,,host02
2026-01-09 16:18:19,ERP,ERP_ETL_JOB_11,ETL,SUCCESS,2417,,host03
2026-01-08 04:16:19,HRMS,HRMS_BACKUP_JOB_15,BACKUP,SUCCESS,998,,host03
2026-01-10 03:35:19,CRM,CRM_REPORT_JOB_13,REPORT,SUCCESS,439,,host01
2026-01-09 13:16:19,HRMS,HRMS_REPORT_JOB_1,REPORT,SUCCESS,718,,host02
2026-01-08 12:55:19,CRM,CRM_ETL_JOB_6,ETL,SUCCESS,3042,,host01
2026-01-05 18:02:19,CRM,CRM_ETL_JOB_6,ETL,SUCCESS,1546,,host03
2026-01-08 04:02:19,CRM,CRM_ETL_JOB_16,ETL,SUCCESS,2095,,host01
2026-01-09 11:28:19,CRM,CRM_REPORT_JOB_10,REPORT,SUCCESS,45,,host02
2026-01-07 15:58:19,Billing,Billing_REPORT_JOB_11,REPORT,SUCCESS,971,,host01
2026-01-05 19:16:19,ERP,ERP_REPORT_JOB_3,REPORT,SUCCESS,1414,,host03
2026-01-08 13:08:19,CRM,CRM_REPORT_JOB_16,REPORT,SUCCESS,3118,,host03
2026-01-10 23:52:19,HRMS,HRMS_REPORT_JOB_13,REPORT,SUCCESS,2678,,host01
2026-01-08 14:42:19,HRMS,HRMS_REPORT_JOB_2,REPORT,SUCCESS,1121,,host01
2026-01-07 00:24:19,ERP,ERP_BACKUP_JOB_19,BACKUP,SUCCESS,2363,,host03
2026-01-06 01:56:19,ERP,ERP_REPORT_JOB_5,REPORT,SUCCESS,2051,,host01
2026-01-07 15:31:19,CRM,CRM_BACKUP_JOB_1,BACKUP,SUCCESS,2776,,host02
2026-01-08 06:41:19,HRMS,HRMS_ETL_JOB_8,ETL,RUNNING,1962,E330,host02
2026-01-08 20:46:19,CRM,CRM_ETL_JOB_8,ETL,FAILED,3043,E330,host01
2026-01-07 21:52:19,HRMS,HRMS_BACKUP_JOB_8,BACKUP,SUCCESS,2940,,host02
2026-01-08 07:35:19,HRMS,HRMS_REPORT_JOB_15,REPORT,FAILED,2097,E205,host03
2026-01-06 07:39:19,Billing,Billing_ETL_JOB_14,ETL,SUCCESS,2895,,host03
2026-01-11 01:51:19,ERP,ERP_BACKUP_JOB_3,BACKUP,SUCCESS,1688,,host03
2026-01-10 16:47:19,Billing,Billing_ETL_JOB_3,ETL,SUCCESS,2484,,host02
2026-01-09 20:02:19,CRM,CRM_BACKUP_JOB_14,BACKUP,FAILED,3385,E101,host02
2026-01-05 14:36:19,ERP,ERP_ETL_JOB_10,ETL,SUCCESS,2848,,host03
2026-01-10 10:53:19,CRM,CRM_REPORT_JOB_14,REPORT,SUCCESS,960,,host03
2026-01-06 23:48:19,ERP,ERP_BACKUP_JOB_5,BACKUP,SUCCESS,560,,host03
2026-01-04 15:18:19,HRMS,HRMS_ETL_JOB_17,ETL,SUCCESS,1394,,host03
2026-01-11 04:11:19,CRM,CRM_BACKUP_JOB_15,BACKUP,SUCCESS,735,,host01
2026-01-10 06:48:19,HRMS,HRMS_ETL_JOB_1,ETL,SUCCESS,1028,,host03
2026-01-10 03:49:19,HRMS,HRMS_REPORT_JOB_4,REPORT,SUCCESS,1481,,host01
2026-01-09 03:21:19,CRM,CRM_REPORT_JOB_8,REPORT,FAILED,326,E330,host02
2026-01-10 22:58:19,ERP,ERP_BACKUP_JOB_13,BACKUP,SUCCESS,3485,,host02
2026-01-07 12:14:19,CRM,CRM_REPORT_JOB_8,REPORT,SUCCESS,2412,,host03
2026-01-10 08:51:19,HRMS,HRMS_REPORT_JOB_13,REPORT,SUCCESS,2057,,host02
2026-01-04 11:09:19,HRMS,HRMS_BACKUP_JOB_6,BACKUP,SUCCESS,683,,host01
2026-01-07 21:32:19,CRM,CRM_REPORT_JOB_16,REPORT,SUCCESS,551,,host02
2026-01-09 19:03:19,ERP,ERP_REPORT_JOB_15,REPORT,SUCCESS,2909,,host02
2026-01-09 16:11:19,Billing,Billing_REPORT_JOB_4,REPORT,FAILED,3222,E205,host01
2026-01-06 00:37:19,HRMS,HRMS_REPORT_JOB_11,REPORT,SUCCESS,2682,,host01
2026-01-07 00:50:19,Billing,Billing_REPORT_JOB_3,REPORT,SUCCESS,1858,,host03
2026-01-11 06:27:19,CRM,CRM_ETL_JOB_6,ETL,FAILED,2060,E205,host01
2026-01-10 04:09:19,Billing,Billing_REPORT_JOB_16,REPORT,SUCCESS,1066,,host01
2026-01-07 20:02:19,HRMS,HRMS_BACKUP_JOB_20,BACKUP,FAILED,3328,E330,host03
2026-01-09 05:14:19,ERP,ERP_ETL_JOB_18,ETL,FAILED,1884,E101,host01
2026-01-05 04:44:19,Billing,Billing_BACKUP_JOB_6,BACKUP,SUCCESS,3167,,host02
2026-01-05 10:33:19,ERP,ERP_BACKUP_JOB_1,BACKUP,SUCCESS,1064,,host01
2026-01-10 04:40:19,ERP,ERP_ETL_JOB_12,ETL,RUNNING,1249,E101,host02
2026-01-06 03:09:19,ERP,ERP_REPORT_JOB_11,REPORT,SUCCESS,1406,,host02
2026-01-06 23:12:19,CRM,CRM_ETL_JOB_6,ETL,SUCCESS,3230,,host01
2026-01-06 23:10:19,HRMS,HRMS_ETL_JOB_14,ETL,RUNNING,782,E330,host03
2026-01-08 18:38:19,ERP,ERP_BACKUP_JOB_19,BACKUP,SUCCESS,1506,,host02
2026-01-05 02:54:19,Billing,Billing_REPORT_JOB_9,REPORT,SUCCESS,1438,,host02
2026-01-09 10:59:19,Billing,Billing_ETL_JOB_6,ETL,SUCCESS,999,,host03
2026-01-06 13:17:19,Billing,Billing_BACKUP_JOB_13,BACKUP,SUCCESS,1842,,host03
2026-01-10 05:56:19,HRMS,HRMS_BACKUP_JOB_20,BACKUP,SUCCESS,1783,,host03
2026-01-11 00:35:19,HRMS,HRMS_BACKUP_JOB_16,BACKUP,SUCCESS,3297,,host01
2026-01-10 18:58:19,HRMS,HRMS_REPORT_JOB_4,REPORT,SUCCESS,1765,,host03
2026-01-10 02:03:19,ERP,ERP_BACKUP_JOB_8,BACKUP,FAILED,1778,E101,host03
2026-01-08 01:41:19,CRM,CRM_BACKUP_JOB_16,BACKUP,SUCCESS,997,,host02
2026-01-06 00:39:19,HRMS,HRMS_BACKUP_JOB_5,BACKUP,SUCCESS,2972,,host03
2026-01-04 20:04:19,ERP,ERP_ETL_JOB_13,ETL,SUCCESS,1395,,host03
2026-01-07 07:02:19,HRMS,HRMS_BACKUP_JOB_5,BACKUP,RUNNING,1954,E205,host02
2026-01-07 18:50:19,CRM,CRM_REPORT_JOB_13,REPORT,FAILED,3090,E101,host03
2026-01-11 01:05:19,Billing,Billing_BACKUP_JOB_13,BACKUP,SUCCESS,1378,,host03
2026-01-11 03:55:19,ERP,ERP_REPORT_JOB_8,REPORT,SUCCESS,3063,,host03
2026-01-10 23:31:19,HRMS,HRMS_BACKUP_JOB_11,BACKUP,SUCCESS,2231,,host02
2026-01-08 14:30:19,Billing,Billing_BACKUP_JOB_2,BACKUP,SUCCESS,2299,,host01
2026-01-11 06:20:19,CRM,CRM_REPORT_JOB_18,REPORT,FAILED,2312,E205,host02
2026-01-10 22:15:19,HRMS,HRMS_REPORT_JOB_17,REPORT,FAILED,2530,E205,host02
2026-01-09 17:25:19,ERP,ERP_ETL_JOB_4,ETL,SUCCESS,383,,host01
2026-01-08 12:57:19,CRM,CRM_REPORT_JOB_19,REPORT,SUCCESS,2560,,host02
2026-01-07 18:20:19,Billing,Billing_REPORT_JOB_17,REPORT,SUCCESS,1217,,host03
2026-01-08 11:02:19,CRM,CRM_BACKUP_JOB_2,BACKUP,SUCCESS,163,,host02
2026-01-07 07:34:19,ERP,ERP_ETL_JOB_12,ETL,SUCCESS,949,,host03
2026-01-05 07:44:19,ERP,ERP_REPORT_JOB_13,REPORT,SUCCESS,594,,host01
2026-01-06 06:20:19,ERP,ERP_BACKUP_JOB_19,BACKUP,SUCCESS,2904,,host02
2026-01-08 04:54:19,HRMS,HRMS_REPORT_JOB_19,REPORT,SUCCESS,87,,host01
2026-01-09 17:16:19,ERP,ERP_BACKUP_JOB_7,BACKUP,SUCCESS,1534,,host01
2026-01-05 19:19:19,HRMS,HRMS_ETL_JOB_16,ETL,SUCCESS,1471,,host02
2026-01-05 23:34:19,HRMS,HRMS_BACKUP_JOB_11,BACKUP,SUCCESS,2811,,host03
2026-01-09 18:54:19,Billing,Billing_ETL_JOB_2,ETL,SUCCESS,984,,host02
2026-01-06 20:54:19,HRMS,HRMS_ETL_JOB_9,ETL,SUCCESS,2690,,host03
2026-01-10 17:36:19,HRMS,HRMS_BACKUP_JOB_18,BACKUP,SUCCESS,1135,,host01
2026-01-06 10:20:19,CRM,CRM_REPORT_JOB_9,REPORT,SUCCESS,3252,,host01
2026-01-05 22:31:19,Billing,Billing_ETL_JOB_4,ETL,SUCCESS,598,,host01
2026-01-07 03:50:19,Billing,Billing_REPORT_JOB_17,REPORT,SUCCESS,2552,,host01
2026-01-11 01:26:19,HRMS,HRMS_BACKUP_JOB_15,BACKUP,SUCCESS,2408,,host02
2026-01-08 03:33:19,Billing,Billing_ETL_JOB_7,ETL,SUCCESS,231,,host02
2026-01-04 18:40:19,Billing,Billing_REPORT_JOB_19,REPORT,SUCCESS,1522,,host02
2026-01-05 19:51:19,ERP,ERP_BACKUP_JOB_18,BACKUP,RUNNING,2429,E205,host02
2026-01-10 07:39:19,Billing,Billing_REPORT_JOB_2,REPORT,FAILED,703,E330,host02
2026-01-11 00:45:19,HRMS,HRMS_BACKUP_JOB_7,BACKUP,FAILED,1789,E101,host01
2026-01-07 23:27:19,ERP,ERP_ETL_JOB_19,ETL,SUCCESS,2049,,host02
2026-01-11 04:44:19,ERP,ERP_ETL_JOB_14,ETL,SUCCESS,2000,,host01
2026-01-11 07:47:19,Billing,Billing_ETL_JOB_2,ETL,SUCCESS,3444,,host03
2026-01-10 20:25:19,HRMS,HRMS_BACKUP_JOB_20,BACKUP,SUCCESS,1463,,host03
2026-01-04 15:56:19,Billing,Billing_BACKUP_JOB_19,BACKUP,FAILED,2557,E330,host03
2026-01-08 01:07:19,HRMS,HRMS_ETL_JOB_18,ETL,SUCCESS,1559,,host03
2026-01-06 09:39:19,ERP,ERP_ETL_JOB_12,ETL,SUCCESS,493,,host02
2026-01-06 10:19:19,HRMS,HRMS_ETL_JOB_20,ETL,SUCCESS,1768,,host02
2026-01-04 14:13:19,CRM,CRM_BACKUP_JOB_14,BACKUP,SUCCESS,2794,,host03
2026-01-07 09:55:19,Billing,Billing_REPORT_JOB_20,REPORT,SUCCESS,647,,host01
2026-01-05 15:29:19,Billing,Billing_REPORT_JOB_18,REPORT,SUCCESS,1361,,host01
